origin,dest,route,total_flights,delayed_flights,on_time_flights,observed_delay_rate,posterior_alpha,posterior_beta,posterior_probability,credible_lower,credible_upper
GRR,DFW,GRR-DFW,70,38,32,0.5428571428571428,48.682258256439106,71.3177417435609,0.4056854854703259,0.31985040142854065,0.49449925517807025
HSV,DFW,HSV-DFW,161,72,89,0.4472049689440994,82.6822582564391,128.3177417435609,0.3918590438693796,0.3271892417491229,0.4584709428848549
ORD,ASE,ORD-ASE,139,63,76,0.45323741007194246,73.6822582564391,115.3177417435609,0.38985321828803754,0.3216932295009164,0.46022162047141246
DEN,LBB,DEN-LBB,71,34,37,0.4788732394366197,44.682258256439106,76.3177417435609,0.3692748616234637,0.2858541866146506,0.456789664076514
DFW,BOI,DFW-BOI,59,29,30,0.4915254237288136,39.682258256439106,69.3177417435609,0.36405741519668905,0.2767025678693067,0.45613852079303574
DEN,MAF,DEN-MAF,117,50,67,0.42735042735042733,60.682258256439106,106.3177417435609,0.363366815906821,0.29229247063279146,0.43754141776189115
ASE,ATL,ASE-ATL,59,27,32,0.4576271186440678,37.682258256439106,71.3177417435609,0.34570879134347804,0.2597176950933978,0.43706369259625655
ATL,ASE,ATL-ASE,52,24,28,0.46153846153846156,34.682258256439106,67.3177417435609,0.34002213976901086,0.25173714639100864,0.43425018605391486
HSV,ORD,HSV-ORD,61,27,34,0.4426229508196721,37.682258256439106,73.3177417435609,0.339479804112064,0.2547226095673771,0.42971665057522745
ASE,ORD,ASE-ORD,138,53,85,0.38405797101449274,63.682258256439106,124.3177417435609,0.3387354162576548,0.2729775927320797,0.40774342298341804
ORD,MBS,ORD-MBS,88,36,52,0.4090909090909091,46.682258256439106,91.3177417435609,0.33827723374231233,0.26198939101010876,0.41900554742598417
ATL,ATW,ATL-ATW,29,16,13,0.5517241379310345,26.682258256439106,52.317741743560894,0.3377501045118874,0.2383415592778303,0.44494091566520166
EGE,DFW,EGE-DFW,121,47,74,0.3884297520661157,57.682258256439106,113.3177417435609,0.3373231476984743,0.26857305980622204,0.4096778428766936
DEN,BIS,DEN-BIS,124,48,76,0.3870967741935484,58.682258256439106,115.3177417435609,0.33725435779562707,0.26908299783055883,0.40896966917482513
DFW,ASE,DFW-ASE,142,54,88,0.38028169014084506,64.6822582564391,127.3177417435609,0.336886761752287,0.2719030296802696,0.40508942697852657
BIS,DEN,BIS-DEN,123,47,76,0.3821138211382114,57.682258256439106,115.3177417435609,0.3334234581297058,0.265303303395526,0.4051919157474254
DEN,AMA,DEN-AMA,61,26,35,0.4262295081967213,36.682258256439106,74.3177417435609,0.330470795103055,0.2464533575215188,0.4202751912984021
MQT,ORD,MQT-ORD,31,16,15,0.5161290322580645,26.682258256439106,54.317741743560894,0.32941059575850745,0.23200113629373878,0.43479987429697653
DEN,COS,DEN-COS,433,148,285,0.3418013856812933,158.6822582564391,324.3177417435609,0.3285346961831037,0.2873860646246763,0.37102833839586147
DEN,COD,DEN-COD,59,25,34,0.423728813559322,35.682258256439106,73.3177417435609,0.32736016749026703,0.2428798108274987,0.4178417102699984
DEN,SHR,DEN-SHR,59,25,34,0.423728813559322,35.682258256439106,73.3177417435609,0.32736016749026703,0.2428798108274987,0.4178417102699984
CHA,ORD,CHA-ORD,81,32,49,0.3950617283950617,42.682258256439106,88.3177417435609,0.32581876531632903,0.24854393067955324,0.40813148122148457
ORD,CHA,ORD-CHA,81,32,49,0.3950617283950617,42.682258256439106,88.3177417435609,0.32581876531632903,0.24854393067955324,0.40813148122148457
CPR,DEN,CPR-DEN,183,65,118,0.3551912568306011,75.6822582564391,157.3177417435609,0.32481655904051115,0.2663055276430994,0.38617627069475047
ATW,ORD,ATW-ORD,153,55,98,0.35947712418300654,65.6822582564391,137.3177417435609,0.3235579224455128,0.2610889855791116,0.3893200267177751
ATL,PBI,ATL-PBI,296,101,195,0.34121621621621623,111.6822582564391,234.3177417435609,0.3227810932267026,0.2745957724297889,0.37290699725775234
DEN,FAR,DEN-FAR,104,39,65,0.375,49.682258256439106,104.3177417435609,0.32261206660025393,0.2513262395348292,0.3982621868276526
COD,DEN,COD-DEN,61,25,36,0.4098360655737705,35.682258256439106,75.3177417435609,0.321461786094046,0.23822039087130056,0.41079740123282016
BZN,DFW,BZN-DFW,52,22,30,0.4230769230769231,32.682258256439106,69.3177417435609,0.3204142966317559,0.2338674873445758,0.41363190998769417
DFW,BZN,DFW-BZN,52,22,30,0.4230769230769231,32.682258256439106,69.3177417435609,0.3204142966317559,0.2338674873445758,0.41363190998769417
LNK,DEN,LNK-DEN,121,44,77,0.36363636363636365,54.682258256439106,116.3177417435609,0.3197792880493515,0.2521836492494629,0.3913680600490176
DFW,FAT,DFW-FAT,90,34,56,0.37777777777777777,44.682258256439106,95.3177417435609,0.3191589875459936,0.24480987120198872,0.39840222259384417
ORD,COS,ORD-COS,37,17,20,0.4594594594594595,27.682258256439106,59.317741743560894,0.3181868765107943,0.2251303555922712,0.4191611538722111
DEN,LAR,DEN-LAR,50,21,29,0.42,31.682258256439106,68.3177417435609,0.31682258256439105,0.2298038057258773,0.41078151520092154
DEN,DRO,DEN-DRO,186,64,122,0.34408602150537637,74.6822582564391,161.3177417435609,0.3164502468493182,0.2587782235136647,0.3770689953467682
DFW,EGE,DFW-EGE,120,43,77,0.35833333333333334,53.682258256439106,116.3177417435609,0.3157779897437594,0.2482715544084074,0.3873901706303511
ASE,DFW,ASE-DFW,143,50,93,0.34965034965034963,60.682258256439106,132.3177417435609,0.31441584588828553,0.25099567921789195,0.38147919181038936
MBS,ORD,MBS-ORD,86,32,54,0.37209302325581395,42.682258256439106,93.3177417435609,0.31384013423852286,0.23888114197612959,0.39398525134495443
XWA,DEN,XWA-DEN,109,39,70,0.3577981651376147,49.682258256439106,109.3177417435609,0.31246703305936546,0.24300472995274197,0.386397970316794
ORD,HSV,ORD-HSV,61,24,37,0.39344262295081966,34.682258256439106,76.3177417435609,0.312452777085037,0.23002449871569475,0.4012824865393986
DEN,BZN,DEN-BZN,200,67,133,0.335,77.6822582564391,172.3177417435609,0.3107290330257564,0.25497231038480783,0.3693541272272348
DEN,XWA,DEN-XWA,110,39,71,0.35454545454545455,49.682258256439106,110.3177417435609,0.31051411410274443,0.24140639828417143,0.38410874658943595
CRW,ORD,CRW-ORD,59,23,36,0.3898305084745763,33.682258256439106,75.3177417435609,0.309011543637056,0.2261950002765503,0.3984664514784456
LEX,DEN,LEX-DEN,30,14,16,0.4666666666666667,24.682258256439106,55.317741743560894,0.3085282282054888,0.21282097411227696,0.4133027160770282
ORD,PWM,ORD-PWM,37,16,21,0.43243243243243246,26.682258256439106,60.317741743560894,0.3066926236372311,0.2148638107933294,0.40693907475508906
ORD,CRW,ORD-CRW,60,23,37,0.38333333333333336,33.682258256439106,76.3177417435609,0.30620234778581007,0.22400976793187666,0.3950695950476264
HDN,DEN,HDN-DEN,132,45,87,0.3409090909090909,55.682258256439106,126.3177417435609,0.3059464739364786,0.24130304952294165,0.37462946750763115
LBB,DEN,LBB-DEN,70,26,44,0.37142857142857144,36.682258256439106,83.3177417435609,0.30568548547032587,0.22685510632619663,0.3906506589354948
DFW,MDT,DFW-MDT,31,14,17,0.45161290322580644,24.682258256439106,56.317741743560894,0.3047192377338161,0.21000175560506934,0.40856990829024076
DEN,CPR,DEN-CPR,182,60,122,0.32967032967032966,70.6822582564391,161.3177417435609,0.3046649062777547,0.24723115821979033,0.365288553452795
DEN,BIL,DEN-BIL,124,42,82,0.3387096774193548,52.682258256439106,121.3177417435609,0.3027715991749374,0.23695426537673048,0.3728833041230003
ORD,BZN,ORD-BZN,78,28,50,0.358974358974359,38.682258256439106,89.3177417435609,0.3022051426284305,0.2260601777845068,0.38420441426140195
SYR,ATL,SYR-ATL,78,28,50,0.358974358974359,38.682258256439106,89.3177417435609,0.3022051426284305,0.2260601777845068,0.38420441426140195
HDN,DFW,HDN-DFW,35,15,20,0.42857142857142855,25.682258256439106,59.317741743560894,0.30214421478163656,0.20982382549588663,0.4032826781062052
ORD,TVC,ORD-TVC,131,44,87,0.33587786259541985,54.682258256439106,126.3177417435609,0.30211192406872434,0.23757548536241754,0.3707904570522129
MEM,DFW,MEM-DFW,171,56,115,0.32748538011695905,66.6822582564391,154.3177417435609,0.3017296753685027,0.2431250389073124,0.363733272696973
ORD,FWA,ORD-FWA,115,39,76,0.3391304347826087,49.682258256439106,115.3177417435609,0.3011045954935703,0.23372128144877283,0.37305475573637614
DEN,RAP,DEN-RAP,202,65,137,0.3217821782178218,75.6822582564391,176.3177417435609,0.3003264216525361,0.24540486787273183,0.3582499024321526
RAP,DEN,RAP-DEN,202,65,137,0.3217821782178218,75.6822582564391,176.3177417435609,0.3003264216525361,0.24540486787273183,0.3582499024321526
JAC,DFW,JAC-DFW,59,22,37,0.3728813559322034,32.682258256439106,76.3177417435609,0.2998372317104505,0.21791221959608723,0.388719107558247
DFW,SAT,DFW-SAT,347,108,239,0.3112391930835735,118.6822582564391,278.3177417435609,0.2989477537945569,0.2549628316189874,0.34485134107940096
SLN,ORD,SLN-ORD,26,12,14,0.46153846153846156,22.682258256439106,53.317741743560894,0.2984507665320935,0.20164985182298617,0.40529747429573004
SJU,DFW,SJU-DFW,70,25,45,0.35714285714285715,35.682258256439106,84.3177417435609,0.29735215213699256,0.21929826994985532,0.38180362865638806
TVC,ORD,TVC-ORD,134,44,90,0.3283582089552239,54.682258256439106,129.3177417435609,0.2971861861762995,0.2335186140993644,0.3650296680432418
DEN,MOT,DEN-MOT,60,22,38,0.36666666666666664,32.682258256439106,77.3177417435609,0.297111438694901,0.21580966334155427,0.3854006004771403
FAR,ORD,FAR-ORD,151,49,102,0.32450331125827814,59.682258256439106,141.3177417435609,0.29692665799223433,0.23592042959135306,0.3617605139341158
ATL,SYR,ATL-SYR,77,27,50,0.35064935064935066,37.682258256439106,89.3177417435609,0.2967106949325914,0.22078228565673927,0.3787032307929069
DEN,HDN,DEN-HDN,131,43,88,0.3282442748091603,53.682258256439106,127.3177417435609,0.2965870621902713,0.23246114033967225,0.36497063481850345
SCE,ORD,SCE-ORD,13,8,5,0.6153846153846154,18.682258256439106,44.317741743560894,0.29654378184823976,0.1912685908815991,0.41405116877394044
ATL,IAH,ATL-IAH,297,92,205,0.30976430976430974,102.6822582564391,244.3177417435609,0.2959142889234556,0.2491100657303639,0.34494674680621107
DEN,LNK,DEN-LNK,122,40,82,0.32786885245901637,50.682258256439106,121.3177417435609,0.29466429218859946,0.22910368878394258,0.3647476332478804
SDF,DEN,SDF-DEN,78,27,51,0.34615384615384615,37.682258256439106,90.3177417435609,0.2943926426284305,0.21896007135427326,0.37591050035778206
ATL,SJU,ATL-SJU,180,57,123,0.31666666666666665,67.6822582564391,162.3177417435609,0.29427068807147433,0.2372702961442248,0.3546598326639355
ORD,BUF,ORD-BUF,119,39,80,0.3277310924369748,49.682258256439106,119.3177417435609,0.2939778595055568,0.22791800985680774,0.3646561009106499
SUX,ORD,SUX-ORD,31,13,18,0.41935483870967744,23.682258256439106,57.317741743560894,0.2923735587214704,0.19912843320662874,0.3953282469627434
ATL,FWA,ATL-FWA,83,28,55,0.3373493975903614,38.682258256439106,94.3177417435609,0.2908440470408955,0.21709409696826235,0.37055150600883136
MGM,DFW,MGM-DFW,83,28,55,0.3373493975903614,38.682258256439106,94.3177417435609,0.2908440470408955,0.21709409696826235,0.37055150600883136
DFW,PVU,DFW-PVU,90,30,60,0.3333333333333333,40.682258256439106,99.3177417435609,0.29058755897456506,0.21863244722860947,0.36820927576291484
PIT,DFW,PIT-DFW,118,38,80,0.3220338983050847,48.682258256439106,119.3177417435609,0.2897753467645185,0.2238663089050663,0.3604249479127446
JFK,DFW,JFK-DFW,139,44,95,0.31654676258992803,54.682258256439106,134.3177417435609,0.28932411775893707,0.22705755998279317,0.3558135894062131
ORD,FAR,ORD-FAR,153,48,105,0.3137254901960784,58.682258256439106,144.3177417435609,0.2890751638248232,0.22892298667260158,0.3531636826734885
HLN,DEN,HLN-DEN,60,21,39,0.35,31.682258256439106,78.3177417435609,0.2880205296039919,0.20765005286090987,0.3756910435135059
SDF,DFW,SDF-DFW,133,42,91,0.3157894736842105,52.682258256439106,130.3177417435609,0.28788119265813716,0.2247584138188312,0.35539517571653123
DEN,OKC,DEN-OKC,248,75,173,0.3024193548387097,85.6822582564391,212.3177417435609,0.2875243565652319,0.23762261864070425,0.34012732026344294
GRB,ORD,GRB-ORD,109,35,74,0.3211009174311927,45.682258256439106,113.3177417435609,0.28730980035496295,0.21985595119862342,0.3598312056106915
DEN,CMH,DEN-CMH,130,41,89,0.3153846153846154,51.682258256439106,128.3177417435609,0.28712365698021725,0.22356006691561117,0.3551675608448168
DEN,HOB,DEN-HOB,29,12,17,0.41379310344827586,22.682258256439106,56.317741743560894,0.28711719311948236,0.19344857737095728,0.3909926171609913
ORD,CAK,ORD-CAK,85,28,57,0.32941176470588235,38.682258256439106,96.3177417435609,0.28653524634399336,0.21370443422382185,0.36535609013327175
DEN,SAF,DEN-SAF,99,32,67,0.32323232323232326,42.682258256439106,106.3177417435609,0.28645810910361813,0.21696320336090008,0.36138226268692974
DFW,SAN,DFW-SAN,225,68,157,0.3022222222222222,78.6822582564391,196.3177417435609,0.28611730275068764,0.23432816637461842,0.3408529483570494
DFW,OMA,DFW-OMA,103,33,70,0.32038834951456313,43.682258256439106,109.3177417435609,0.2855049559244386,0.21696272191122007,0.35935809030515764
BZN,ATL,BZN-ATL,40,15,25,0.375,25.682258256439106,64.3177417435609,0.28535842507154563,0.19739463950397337,0.3823558387076368
EGE,ORD,EGE-ORD,72,24,48,0.3333333333333333,34.682258256439106,87.3177417435609,0.2842808053806484,0.2081062726918988,0.3671534406094752
ATL,CRW,ATL-CRW,51,18,33,0.35294117647058826,28.682258256439106,72.3177417435609,0.2839827550142486,0.2007785607492444,0.3752885124390699
CRW,ATL,CRW-ATL,51,18,33,0.35294117647058826,28.682258256439106,72.3177417435609,0.2839827550142486,0.2007785607492444,0.3752885124390699
ORD,CMI,ORD-CMI,51,18,33,0.35294117647058826,28.682258256439106,72.3177417435609,0.2839827550142486,0.2007785607492444,0.3752885124390699
CLE,DFW,CLE-DFW,125,39,86,0.312,49.682258256439106,125.3177417435609,0.28389861860822346,0.21973581836190378,0.3527394786440584
DEN,PRC,DEN-PRC,30,12,18,0.4,22.682258256439106,57.317741743560894,0.28352822820548884,0.19086170460242843,0.386443593268917
DFW,MSO,DFW-MSO,30,12,18,0.4,22.682258256439106,57.317741743560894,0.28352822820548884,0.19086170460242843,0.386443593268917
EYW,DFW,EYW-DFW,30,12,18,0.4,22.682258256439106,57.317741743560894,0.28352822820548884,0.19086170460242843,0.386443593268917
JST,ORD,JST-ORD,30,12,18,0.4,22.682258256439106,57.317741743560894,0.28352822820548884,0.19086170460242843,0.386443593268917
FWA,ATL,FWA-ATL,83,27,56,0.3253012048192771,37.682258256439106,95.3177417435609,0.2833252500484143,0.21028389958201665,0.3625380086299822
PNS,DEN,PNS-DEN,23,10,13,0.43478260869565216,20.682258256439106,52.317741743560894,0.2833186062525905,0.18668780611153696,0.3911913671983852
MFR,DEN,MFR-DEN,62,21,41,0.3387096774193548,31.682258256439106,80.3177417435609,0.28287730586106347,0.20372412897717318,0.36937388816661965
ORD,FNT,ORD-FNT,62,21,41,0.3387096774193548,31.682258256439106,80.3177417435609,0.28287730586106347,0.20372412897717318,0.36937388816661965
MDT,ATL,MDT-ATL,55,19,36,0.34545454545454546,29.682258256439106,75.3177417435609,0.2826881738708486,0.20112468380912757,0.37209130809779045
DEN,GJT,DEN-GJT,186,56,130,0.3010752688172043,66.6822582564391,169.3177417435609,0.28255194176457243,0.22704693085511135,0.34154754914212115
ATL,MCO,ATL-MCO,664,191,473,0.2876506024096386,201.6822582564391,512.3177417435609,0.28246814881854215,0.250059829866879,0.3160307145860968
DFW,HDN,DFW-HDN,34,13,21,0.38235294117647056,23.682258256439106,60.317741743560894,0.28193164590998937,0.1915336149412245,0.38216252357750613
ATL,FLL,ATL-FLL,552,159,393,0.28804347826086957,169.6822582564391,432.3177417435609,0.28186421637282244,0.2466583335015372,0.3184428850952882
DEN,DVL,DEN-DVL,27,11,16,0.4074074074074074,21.682258256439106,55.317741743560894,0.2815877695641442,0.18752955758064144,0.38638917291555663
ATL,DFW,ATL-DFW,490,141,349,0.28775510204081634,151.6822582564391,388.3177417435609,0.2808930708452576,0.2438104518651195,0.3195128993308495
ATL,EWR,ATL-EWR,488,140,348,0.28688524590163933,150.6822582564391,387.3177417435609,0.2800785469450541,0.2429652053996031,0.31874054632884896
EUG,DFW,EUG-DFW,6,5,1,0.8333333333333334,15.682258256439104,40.317741743560894,0.2800403260078411,0.17153374884820935,0.403419932916362
DEN,BIH,DEN-BIH,31,12,19,0.3870967741935484,22.682258256439106,58.317741743560894,0.28002787970912474,0.18834338487538096,0.38199806271179904
GCC,DEN,GCC-DEN,56,19,37,0.3392857142857143,29.682258256439106,76.3177417435609,0.2800213043060293,0.1991135135365501,0.36878994411667165
EWR,ATL,EWR-ATL,485,139,346,0.2865979381443299,149.6822582564391,385.3177417435609,0.2797799219746525,0.2425786207708436,0.3185406788315912
SYR,ORD,SYR-ORD,110,34,76,0.3090909090909091,44.682258256439106,115.3177417435609,0.27926411410274443,0.212706302000207,0.3510481084031136
CAK,ORD,CAK-ORD,85,27,58,0.3176470588235294,37.682258256439106,97.3177417435609,0.279127838936586,0.20700361853196875,0.3574496840336586
GRR,DEN,GRR-DEN,96,30,66,0.3125,40.682258256439106,105.3177417435609,0.2786456044961583,0.20918985013236271,0.3538446223007894
ORD,COU,ORD-COU,53,18,35,0.33962264150943394,28.682258256439106,74.3177417435609,0.2784685267615447,0.19664350428557126,0.3684402877335917
ASE,DEN,ASE-DEN,276,80,196,0.2898550724637681,90.6822582564391,235.3177417435609,0.2781664363694451,0.23093225655237645,0.3279785367208722
SGF,DEN,SGF-DEN,93,29,64,0.3118279569892473,39.682258256439106,103.3177417435609,0.2774983094855881,0.20746477516089687,0.3534259261706998
DEN,IDA,DEN-IDA,122,37,85,0.30327868852459017,47.682258256439106,124.3177417435609,0.27722243172348315,0.21308923032403188,0.3462621697156816
LAR,DEN,LAR-DEN,50,17,33,0.34,27.682258256439106,72.3177417435609,0.2768225825643911,0.19405239339829816,0.36804605886979525
ATL,PHL,ATL-PHL,394,112,282,0.28426395939086296,122.6822582564391,321.3177417435609,0.2763113924694574,0.2357463278095809,0.3187851039533891
DEN,DCA,DEN-DCA,119,36,83,0.3025210084033613,46.682258256439106,122.3177417435609,0.276226380215616,0.21163997800107978,0.3458287065405107
SDF,ORD,SDF-ORD,148,44,104,0.2972972972972973,54.682258256439106,143.3177417435609,0.2761730214971672,0.21628853326760797,0.34033989353618677
ATL,TPA,ATL-TPA,482,136,346,0.2821576763485477,146.6822582564391,385.3177417435609,0.27571853055721635,0.2386007425141306,0.31443348048852227
ORD,MKE,ORD-MKE,214,62,152,0.2897196261682243,72.6822582564391,191.3177417435609,0.27531158430469355,0.2232058256849583,0.3306415781775801
IAD,ATL,IAD-ATL,258,74,184,0.2868217054263566,84.6822582564391,223.3177417435609,0.2749423969364906,0.22659264720641312,0.3260603480299217
LGA,DFW,LGA-DFW,520,146,374,0.28076923076923077,156.6822582564391,413.3177417435609,0.27488115483585807,0.23902950673756249,0.3122290545134143
JAC,ORD,JAC-ORD,58,19,39,0.3275862068965517,29.682258256439106,78.3177417435609,0.2748357245966584,0.1952099036532099,0.36235842562517984
SAV,DFW,SAV-DFW,58,19,39,0.3275862068965517,29.682258256439106,78.3177417435609,0.2748357245966584,0.1952099036532099,0.36235842562517984
SRQ,DEN,SRQ-DEN,29,11,18,0.3793103448275862,21.682258256439106,57.317741743560894,0.2744589652713811,0.18245567741802318,0.37727455712003544
DAY,ORD,DAY-ORD,102,31,71,0.30392156862745096,41.682258256439106,110.3177417435609,0.27422538326604673,0.206489337816192,0.3475880494750945
DEN,LBF,DEN-LBF,51,17,34,0.3333333333333333,27.682258256439106,73.3177417435609,0.27408176491523867,0.19201476170983658,0.36462098085393324
DEN,EUG,DEN-EUG,62,20,42,0.3225806451612903,30.682258256439106,81.3177417435609,0.273948734432492,0.1957642416470255,0.35977811049979913
FNT,ORD,FNT-ORD,62,20,42,0.3225806451612903,30.682258256439106,81.3177417435609,0.273948734432492,0.1957642416470255,0.35977811049979913
ATL,ELP,ATL-ELP,55,18,37,0.32727272727272727,28.682258256439106,76.3177417435609,0.2731643643470391,0.192675940204454,0.36183539695308675
ATL,LGA,ATL-LGA,553,154,399,0.27848101265822783,164.6822582564391,438.3177417435609,0.273104905897909,0.23830258952129416,0.30933274820516987
FLL,ATL,FLL-ATL,554,154,400,0.2779783393501805,164.6822582564391,439.3177417435609,0.27265274545768065,0.23789838921826142,0.3088331027797192
COU,DFW,COU-DFW,81,25,56,0.30864197530864196,35.682258256439106,95.3177417435609,0.27238365081251226,0.19990515378280746,0.3514437074295502
DEN,HLN,DEN-HLN,59,19,40,0.3220338983050847,29.682258256439106,79.3177417435609,0.272314295930634,0.1933151411398459,0.3592253687397142
DEN,DIK,DEN-DIK,52,17,35,0.3269230769230769,27.682258256439106,74.3177417435609,0.27139468878861867,0.1900196294877759,0.361258518080558
ATL,COS,ATL-COS,30,11,19,0.36666666666666664,21.682258256439106,58.317741743560894,0.27102822820548883,0.18002071361548008,0.37287497258240365
MSO,DFW,MSO-DFW,30,11,19,0.36666666666666664,21.682258256439106,58.317741743560894,0.27102822820548883,0.18002071361548008,0.37287497258240365
SJU,DEN,SJU-DEN,30,11,19,0.36666666666666664,21.682258256439106,58.317741743560894,0.27102822820548883,0.18002071361548008,0.37287497258240365
MDW,DFW,MDW-DFW,19,8,11,0.42105263157894735,18.682258256439106,50.317741743560894,0.27075736603534933,0.1734179580007564,0.3806775932352763
DAY,DFW,DAY-DFW,104,31,73,0.2980769230769231,41.682258256439106,112.3177417435609,0.27066401465220197,0.20367761436209805,0.343291467073057
ORD,JAC,ORD-JAC,56,18,38,0.32142857142857145,28.682258256439106,77.3177417435609,0.27058734204187834,0.19075180705043288,0.3586202287129677
DEN,SGF,DEN-SGF,93,28,65,0.3010752688172043,38.682258256439106,104.3177417435609,0.27050530249258115,0.20114532443392827,0.3459443566222462
BUF,ORD,BUF-ORD,119,35,84,0.29411764705882354,45.682258256439106,123.3177417435609,0.2703092204523024,0.2062431454950473,0.3395237008894063
DEN,SAT,DEN-SAT,223,63,160,0.2825112107623318,73.6822582564391,199.3177417435609,0.26989838189171833,0.21899262086727506,0.3239971577592712
DEN,PNS,DEN-PNS,23,9,14,0.391304347826087,19.682258256439106,53.317741743560894,0.2696199761156042,0.1749153781863827,0.3762753451395625
ATL,SAN,ATL-SAN,164,47,117,0.2865853658536585,57.682258256439106,156.3177417435609,0.2695432628805566,0.2123562093427918,0.3308098130909183
DEN,ALB,DEN-ALB,12,6,6,0.5,16.682258256439106,45.317741743560894,0.2690686815554694,0.16715863947432216,0.38508151241045696
ORD,SCE,ORD-SCE,12,6,6,0.5,16.682258256439106,45.317741743560894,0.2690686815554694,0.16715863947432216,0.38508151241045696
DFW,ELP,DFW-ELP,235,66,169,0.28085106382978725,76.6822582564391,208.3177417435609,0.26906055528575124,0.21925451043704194,0.32193631370834375
LEX,ORD,LEX-ORD,53,17,36,0.32075471698113206,27.682258256439106,75.3177417435609,0.26875978889746704,0.1880656756709149,0.35795698773948537
PHL,DFW,PHL-DFW,254,71,183,0.2795275590551181,81.6822582564391,222.3177417435609,0.2686916390014444,0.2204350947144773,0.31983065109513753
MIA,ATL,MIA-ATL,522,143,379,0.2739463601532567,153.6822582564391,418.3177417435609,0.26867527667209634,0.23316636254112727,0.3057162999989175
BZN,DEN,BZN-DEN,202,57,145,0.28217821782178215,67.6822582564391,184.3177417435609,0.26858038990650435,0.21577184352563378,0.32486780410345495
ORD,GRB,ORD-GRB,109,32,77,0.29357798165137616,42.682258256439106,116.3177417435609,0.268441875826661,0.20266776630660152,0.33973255478921693
RIC,DEN,RIC-DEN,42,14,28,0.3333333333333333,24.682258256439106,67.3177417435609,0.26828541583085985,0.1833090457665463,0.36280054828659014
ATL,SBN,ATL-SBN,87,26,61,0.2988505747126437,36.682258256439106,100.3177417435609,0.2677537099010154,0.19725460334909403,0.34467402642275
BUF,ATL,BUF-ATL,87,26,61,0.2988505747126437,36.682258256439106,100.3177417435609,0.2677537099010154,0.19725460334909403,0.34467402642275
ORD,RNO,ORD-RNO,31,11,20,0.3548387096774194,21.682258256439106,59.317741743560894,0.26768220069677906,0.17765012370532446,0.36857580394653255
PRC,DEN,PRC-DEN,31,11,20,0.3548387096774194,21.682258256439106,59.317741743560894,0.26768220069677906,0.17765012370532446,0.36857580394653255
DFW,OKC,DFW-OKC,233,65,168,0.27896995708154504,75.6822582564391,207.3177417435609,0.26742847440437845,0.217563618811377,0.3204065671866798
ORD,ABQ,ORD-ABQ,50,16,34,0.32,26.682258256439106,73.3177417435609,0.26682258256439106,0.1852472985719834,0.3572291519066545
BZN,ORD,BZN-ORD,80,24,56,0.3,34.682258256439106,95.3177417435609,0.2667866019726085,0.19462741440819056,0.345740789046314
PIT,ATL,PIT-ATL,200,56,144,0.28,66.6822582564391,183.3177417435609,0.2667290330257564,0.21385253517474248,0.32314025683322545
CMH,DEN,CMH-DEN,129,37,92,0.2868217054263566,47.682258256439106,131.3177417435609,0.26638133104155926,0.20438492158198698,0.3333216040981938
MGW,ORD,MGW-ORD,24,9,15,0.375,19.682258256439106,54.317741743560894,0.2659764629248528,0.17238742413370578,0.3715407957883239
ATL,LAS,ATL-LAS,385,105,280,0.2727272727272727,115.6822582564391,319.3177417435609,0.2659362258768715,0.22551242978599362,0.30839847371036444
COS,DEN,COS-DEN,434,118,316,0.271889400921659,128.6822582564391,355.3177417435609,0.2658724344141304,0.2274951257752867,0.30608233325124934
ORD,SBN,ORD-SBN,182,51,131,0.2802197802197802,61.682258256439106,170.3177417435609,0.2658718028294789,0.21113176341872777,0.3244347621171123
DFW,VPS,DFW-VPS,88,26,62,0.29545454545454547,36.682258256439106,101.3177417435609,0.2658134656263703,0.19575288652220302,0.3423019108724571
SBN,DFW,SBN-DFW,88,26,62,0.29545454545454547,36.682258256439106,101.3177417435609,0.2658134656263703,0.19575288652220302,0.3423019108724571
ATL,EVV,ATL-EVV,73,22,51,0.3013698630136986,32.682258256439106,90.3177417435609,0.2657094167190171,0.19176807237278998,0.346865456341522
CYS,DEN,CYS-DEN,58,18,40,0.3103448275862069,28.682258256439106,79.3177417435609,0.26557646533739915,0.1870169554194203,0.35235696976391107
DFW,SAV,DFW-SAV,58,18,40,0.3103448275862069,28.682258256439106,79.3177417435609,0.26557646533739915,0.1870169554194203,0.35235696976391107
LIT,DFW,LIT-DFW,220,61,159,0.2772727272727273,71.6822582564391,198.3177417435609,0.2654898453942189,0.21461956968900406,0.31965041779205283
DEN,MRY,DEN-MRY,62,19,43,0.3064516129032258,29.682258256439106,82.3177417435609,0.26502016300392056,0.1878460169323771,0.35014058710185936
DEN,LAS,DEN-LAS,611,164,447,0.2684124386252046,174.6822582564391,486.3177417435609,0.26426967966178383,0.2313716330632039,0.29851879519894176
LBF,DEN,LBF-DEN,51,16,35,0.3137254901960784,26.682258256439106,74.3177417435609,0.26418077481622876,0.18330489137102582,0.35389939449675145
ORD,DAY,ORD-DAY,104,30,74,0.28846153846153844,40.682258256439106,113.3177417435609,0.26417050815869547,0.1978030510832896,0.33633852112877194
ORD,SAT,ORD-SAT,108,31,77,0.28703703703703703,41.682258256439106,116.3177417435609,0.2638117611167032,0.198278460790888,0.3350073923860133
ORD,HDN,ORD-HDN,36,12,24,0.3333333333333333,22.682258256439106,63.317741743560894,0.2637471890283617,0.17669027559340464,0.3612073412023409
DFW,MIA,DFW-MIA,374,101,273,0.2700534759358289,111.6822582564391,312.3177417435609,0.26340155249160163,0.22261212146364504,0.3063049518140001
DEN,MEM,DEN-MEM,101,29,72,0.2871287128712871,39.682258256439106,111.3177417435609,0.26279641229429873,0.19594411950790203,0.33559889287881584
ATL,PHX,ATL-PHX,265,72,193,0.27169811320754716,82.6822582564391,232.3177417435609,0.2624833595442511,0.21544872261687256,0.3123744283143677
FAR,DEN,FAR-DEN,105,30,75,0.2857142857142857,40.682258256439106,114.3177417435609,0.2624661822996071,0.1964665294778056,0.3342705679753665
DFW,EUG,DFW-EUG,6,4,2,0.6666666666666666,14.682258256439104,41.317741743560894,0.2621831831506983,0.1566886018843503,0.38375358013973837
ICT,DFW,ICT-DFW,212,58,154,0.27358490566037735,68.6822582564391,193.3177417435609,0.26214602387953856,0.2107763405429128,0.31695476674957435
IND,DFW,IND-DFW,136,38,98,0.27941176470588236,48.682258256439106,137.3177417435609,0.261732571271178,0.20126215272268513,0.32705539275883433
DEN,EAR,DEN-EAR,52,16,36,0.3076923076923077,26.682258256439106,75.3177417435609,0.26159076721999125,0.1814029291611983,0.35063064318546433
STL,SMF,STL-SMF,10,5,5,0.5,15.682258256439104,44.317741743560894,0.2613709709406517,0.1592214420872765,0.37857683401691844
DEN,ASE,DEN-ASE,278,75,203,0.2697841726618705,85.6822582564391,242.3177417435609,0.26122639712328993,0.21518136036085697,0.3100291723176999
ORD,CMX,ORD-CMX,56,17,39,0.30357142857142855,27.682258256439106,78.3177417435609,0.2611533797777274,0.18243847380413408,0.34840203195407726
ORD,SGF,ORD-SGF,102,29,73,0.28431372549019607,39.682258256439106,112.3177417435609,0.26106748852920464,0.1945936447115664,0.33349540509182785
BOS,ATL,BOS-ATL,363,97,266,0.26721763085399447,107.6822582564391,305.3177417435609,0.26073186018508254,0.2195707030534898,0.30408776120019143
ORD,SYR,ORD-SYR,110,31,79,0.2818181818181818,41.682258256439106,118.3177417435609,0.2605141141027444,0.19568512588545825,0.3310126306860792
ATL,MIA,ATL-MIA,521,138,383,0.2648752399232246,148.6822582564391,422.3177417435609,0.26038924388167967,0.22524038067612343,0.2971278547126387
EYW,ATL,EYW-ATL,114,32,82,0.2807017543859649,42.682258256439106,121.3177417435609,0.2602576722953604,0.1962059122726266,0.3298466292011931
FWA,ORD,FWA-ORD,114,32,82,0.2807017543859649,42.682258256439106,121.3177417435609,0.2602576722953604,0.1962059122726266,0.3298466292011931
DFW,PSP,DFW-PSP,91,26,65,0.2857142857142857,36.682258256439106,104.3177417435609,0.26015785997474544,0.1913822646985973,0.33537628532664043
DEN,TUL,DEN-TUL,191,52,139,0.27225130890052357,62.682258256439106,178.3177417435609,0.2600923579105357,0.20677993345607126,0.317175717908065
CLE,DEN,CLE-DEN,126,35,91,0.2777777777777778,45.682258256439106,130.3177417435609,0.25955828554794946,0.1976782094619063,0.32661314319364354
ILM,DFW,ILM-DFW,49,15,34,0.30612244897959184,25.682258256439106,73.3177417435609,0.25941675006504145,0.1783866186775781,0.3496499978961314
COU,ORD,COU-ORD,53,16,37,0.3018867924528302,26.682258256439106,76.3177417435609,0.2590510510333894,0.1795401572486607,0.34742125340946595
ORD,EAU,ORD-EAU,53,16,37,0.3018867924528302,26.682258256439106,76.3177417435609,0.2590510510333894,0.1795401572486607,0.34742125340946595
ATL,STX,ATL-STX,26,9,17,0.34615384615384615,19.682258256439106,56.317741743560894,0.2589770823215672,0.16754531767993253,0.36241690530449144
DEN,SLN,DEN-SLN,26,9,17,0.34615384615384615,19.682258256439106,56.317741743560894,0.2589770823215672,0.16754531767993253,0.36241690530449144
LIT,ORD,LIT-ORD,26,9,17,0.34615384615384615,19.682258256439106,56.317741743560894,0.2589770823215672,0.16754531767993253,0.36241690530449144
ORD,LIT,ORD-LIT,26,9,17,0.34615384615384615,19.682258256439106,56.317741743560894,0.2589770823215672,0.16754531767993253,0.36241690530449144
TLH,DFW,TLH-DFW,84,24,60,0.2857142857142857,34.682258256439106,99.3177417435609,0.25882282280924707,0.18852412348631165,0.3359384759475216
ATL,BTV,ATL-BTV,30,10,20,0.3333333333333333,20.682258256439106,59.317741743560894,0.2585282282054888,0.16927734481411638,0.3592083932230349
ATW,DFW,ATW-DFW,30,10,20,0.3333333333333333,20.682258256439106,59.317741743560894,0.2585282282054888,0.16927734481411638,0.3592083932230349
DEN,SYR,DEN-SYR,30,10,20,0.3333333333333333,20.682258256439106,59.317741743560894,0.2585282282054888,0.16927734481411638,0.3592083932230349
DFW,EYW,DFW-EYW,30,10,20,0.3333333333333333,20.682258256439106,59.317741743560894,0.2585282282054888,0.16927734481411638,0.3592083932230349
GSO,DEN,GSO-DEN,30,10,20,0.3333333333333333,20.682258256439106,59.317741743560894,0.2585282282054888,0.16927734481411638,0.3592083932230349
BIS,DFW,BIS-DFW,61,18,43,0.29508196721311475,28.682258256439106,82.3177417435609,0.25839872303098294,0.18168192326215735,0.3433588241090846
GRR,ORD,GRR-ORD,243,65,178,0.2674897119341564,75.6822582564391,217.3177417435609,0.2583012227182222,0.2098856052592292,0.3098417534433623
ALB,DFW,ALB-DFW,3,3,0,1,13.682258256439104,39.317741743560894,0.2581558161592284,0.15077908729268003,0.3828034245905253
XNA,DEN,XNA-DEN,96,27,69,0.28125,37.682258256439106,108.3177417435609,0.2580976592906788,0.19065181470444212,0.3318191176225084
SGF,ORD,SGF-ORD,100,28,72,0.28,38.682258256439106,111.3177417435609,0.25788172170959406,0.1913111423624473,0.3305660597950605
ORF,DFW,ORF-DFW,69,20,49,0.2898550724637681,30.682258256439106,88.3177417435609,0.2578341029952866,0.18363125659880947,0.3397442450830458
BWI,DFW,BWI-DFW,104,29,75,0.27884615384615385,39.682258256439106,114.3177417435609,0.257677001665189,0.1919479377466591,0.3293660993869346
ALB,ATL,ALB-ATL,77,22,55,0.2857142857142857,32.682258256439106,94.3177417435609,0.2573406161924339,0.1854157786788622,0.3365021270038907
STL,BUR,STL-BUR,11,5,6,0.45454545454545453,15.682258256439104,45.317741743560894,0.2570862009252312,0.15641566019002845,0.3728313714220216
MSO,DEN,MSO-DEN,85,24,61,0.2823529411764706,34.682258256439106,100.3177417435609,0.25690561671436374,0.18705781983884898,0.33357358287034955
DEN,ORD,DEN-ORD,459,120,339,0.26143790849673204,130.6822582564391,378.3177417435609,0.25674313999300413,0.21975974850040886,0.2955370352168597
DEN,ATL,DEN-ATL,425,111,314,0.2611764705882353,121.6822582564391,353.3177417435609,0.2561731752767139,0.217957378447365,0.2963336036186407
XNA,DFW,XNA-DFW,265,70,195,0.2641509433962264,80.6822582564391,234.3177417435609,0.25613415319504473,0.20952286468225492,0.30567817438355493
DEN,RKS,DEN-RKS,62,18,44,0.2903225806451613,28.682258256439106,83.3177417435609,0.25609159157534916,0.17997078980766412,0.3404599735439622
GTF,DEN,GTF-DEN,62,18,44,0.2903225806451613,28.682258256439106,83.3177417435609,0.25609159157534916,0.17997078980766412,0.3404599735439622
COS,DFW,COS-DFW,148,40,108,0.2702702702702703,50.682258256439106,147.3177417435609,0.255971001295147,0.19777023264227206,0.31884024013838896
DEN,PBI,DEN-PBI,23,8,15,0.34782608695652173,18.682258256439106,54.317741743560894,0.2559213459786179,0.16326629872208623,0.36123547801014055
ORD,EYW,ORD-EYW,66,19,47,0.2878787878787879,29.682258256439106,86.3177417435609,0.25588153669344055,0.18101915254981468,0.3387140735865233
DFW,SAF,DFW-SAF,117,32,85,0.27350427350427353,42.682258256439106,124.3177417435609,0.25558238476909645,0.1925234038087897,0.3241850085808282
EVV,ATL,EVV-ATL,74,21,53,0.28378378378378377,31.682258256439106,92.3177417435609,0.2555020827132186,0.1829769649378017,0.33549493018766685
DEN,LWS,DEN-LWS,31,10,21,0.3225806451612903,20.682258256439106,60.317741743560894,0.2553365216844334,0.16705262658923695,0.3550574479531581
HNL,ATL,HNL-ATL,31,10,21,0.3225806451612903,20.682258256439106,60.317741743560894,0.2553365216844334,0.16705262658923695,0.3550574479531581
SUX,DEN,SUX-DEN,31,10,21,0.3225806451612903,20.682258256439106,60.317741743560894,0.2553365216844334,0.16705262658923695,0.3550574479531581
DEN,IAH,DEN-IAH,364,95,269,0.260989010989011,105.6822582564391,308.3177417435609,0.25527115520879007,0.21447419265857745,0.2983075010309362
DFW,BNA,DFW-BNA,270,71,199,0.26296296296296295,81.6822582564391,238.3177417435609,0.2552570570513722,0.20905702412643926,0.3043543795983076
SBN,ATL,SBN-ATL,86,24,62,0.27906976744186046,34.682258256439106,101.3177417435609,0.25501660482675814,0.1856142144782389,0.33124154710592035
DEN,DFW,DEN-DFW,447,116,331,0.2595078299776286,126.6822582564391,370.3177417435609,0.254893879791628,0.21757720285844154,0.29407886084646595
ORD,ATW,ORD-ATW,153,41,112,0.2679738562091503,51.682258256439106,151.3177417435609,0.2545924052041335,0.1971975384473034,0.316566472937038
PHL,ATL,PHL-ATL,389,101,288,0.2596401028277635,111.6822582564391,327.3177417435609,0.2544014994451916,0.2147967297154686,0.2961256363026268
DEN,LBL,DEN-LBL,51,15,36,0.29411764705882354,25.682258256439106,75.3177417435609,0.25427978471721885,0.17465087477004246,0.34312181229586347
PIT,DEN,PIT-DEN,110,30,80,0.2727272727272727,40.682258256439106,119.3177417435609,0.2542641141027444,0.1900467028187887,0.32429879167168707
CLE,ATL,CLE-ATL,228,60,168,0.2631578947368421,70.6822582564391,207.3177417435609,0.25425272754114786,0.20489184251143747,0.30696223252449983
ORD,CAE,ORD-CAE,55,16,39,0.2909090909090909,26.682258256439106,78.3177417435609,0.2541167452994201,0.17592742073585427,0.3411742668432646
ATL,DAL,ATL-DAL,244,64,180,0.26229508196721313,74.6822582564391,219.3177417435609,0.25402128658652756,0.20598587888070596,0.30522608163589493
DRO,DEN,DRO-DEN,185,49,136,0.2648648648648649,59.682258256439106,175.3177417435609,0.2539670564103792,0.2004923091934593,0.3114076392127214
DFW,BUR,DFW-BUR,59,17,42,0.288135593220339,27.682258256439106,81.3177417435609,0.253965672077423,0.17713923966414205,0.3393402664830091
BOS,DFW,BOS-DFW,276,72,204,0.2608695652173913,82.6822582564391,243.3177417435609,0.2536265590688316,0.20794744252678532,0.302168579859053
DFW,GRK,DFW-GRK,146,39,107,0.2671232876712329,49.682258256439106,146.3177417435609,0.2534809094716281,0.1952188237982695,0.3165071550949996
ATL,PVD,ATL-PVD,75,21,54,0.28,31.682258256439106,93.3177417435609,0.25345806605151283,0.1814377330095869,0.33294821872728886
ATL,ROC,ATL-ROC,79,22,57,0.27848101265822783,32.682258256439106,96.3177417435609,0.25335083919720236,0.1823953243687672,0.3315477882577489
VPS,DFW,VPS-DFW,87,24,63,0.27586206896551724,34.682258256439106,102.3177417435609,0.25315516975502994,0.18419278275712167,0.32894169385884275
ORD,JFK,ORD-JFK,170,45,125,0.2647058823529412,55.682258256439106,164.3177417435609,0.25310117389290504,0.1979881458554599,0.31246527334325125
ATL,LAX,ATL-LAX,419,108,311,0.2577565632458234,118.6822582564391,350.3177417435609,0.2530538555574394,0.2147731361997523,0.2933292656682579
ALB,DEN,ALB-DEN,12,5,7,0.4166666666666667,15.682258256439104,46.317741743560894,0.2529396492974049,0.15370739145024756,0.3672557943358954
ATL,SHV,ATL-SHV,12,5,7,0.4166666666666667,15.682258256439104,46.317741743560894,0.2529396492974049,0.15370739145024756,0.3672557943358954
DEN,BUF,DEN-BUF,12,5,7,0.4166666666666667,15.682258256439104,46.317741743560894,0.2529396492974049,0.15370739145024756,0.3672557943358954
ATL,BUR,ATL-BUR,20,7,13,0.35,17.682258256439106,52.317741743560894,0.2526036893777015,0.15869792066322286,0.35988934183389076
BIL,DEN,BIL-DEN,123,33,90,0.2682926829268293,43.682258256439106,129.3177417435609,0.2524986026383763,0.19077761603699986,0.31963843855665397
ATL,DCA,ATL-DCA,531,136,395,0.256120527306968,146.6822582564391,434.3177417435609,0.2524651605102222,0.2179977267005962,0.28854662891900085
ATW,ATL,ATW-ATL,28,9,19,0.32142857142857145,19.682258256439106,58.317741743560894,0.25233664431332187,0.16296866847290464,0.3537263233274228
ORD,SLN,ORD-SLN,28,9,19,0.32142857142857145,19.682258256439106,58.317741743560894,0.25233664431332187,0.16296866847290464,0.3537263233274228
ATL,IAD,ATL-IAD,258,67,191,0.25968992248062017,77.6822582564391,230.3177417435609,0.2522151242092179,0.20536804033616707,0.30210974797493906
DFW,GUC,DFW-GUC,36,11,25,0.3055555555555556,21.682258256439106,64.3177417435609,0.2521192820516175,0.1666786732768814,0.34847368160948033
ATL,JFK,ATL-JFK,298,77,221,0.25838926174496646,87.6822582564391,260.3177417435609,0.25196051223114685,0.20780572424661914,0.2988153604033782
ORF,ATL,ORF-ATL,183,48,135,0.26229508196721313,58.682258256439106,174.3177417435609,0.25185518564995324,0.19833297580850984,0.30941156279469506
ORD,DEC,ORD-DEC,52,15,37,0.28846153846153844,25.682258256439106,76.3177417435609,0.2517868456513638,0.17284124692578856,0.33994760923216893
DEN,CYS,DEN-CYS,56,16,40,0.2857142857142857,26.682258256439106,79.3177417435609,0.25171941751357646,0.17417519420485544,0.3381336602558117
CHO,ORD,CHO-ORD,60,17,43,0.2833333333333333,27.682258256439106,82.3177417435609,0.2516568932403555,0.1754407857039539,0.33642279218738225
SHR,DEN,SHR-DEN,60,17,43,0.2833333333333333,27.682258256439106,82.3177417435609,0.2516568932403555,0.1754407857039539,0.33642279218738225
DEN,SGU,DEN-SGU,84,23,61,0.27380952380952384,33.682258256439106,100.3177417435609,0.25136013624208287,0.18187708409875852,0.3278706830730972
DEN,FCA,DEN-FCA,92,25,67,0.2717391304347826,35.682258256439106,106.3177417435609,0.2512835088481627,0.18367224992541714,0.3255285367694797
DFW,PNS,DFW-PNS,92,25,67,0.2717391304347826,35.682258256439106,106.3177417435609,0.2512835088481627,0.18367224992541714,0.3255285367694797
DFW,SFO,DFW-SFO,307,79,228,0.25732899022801303,89.6822582564391,267.3177417435609,0.2512108074410059,0.20764506360222004,0.29741650036592115
DFW,LAS,DFW-LAS,477,121,356,0.25366876310272535,131.6822582564391,395.3177417435609,0.24987145779210454,0.21386532940275477,0.2876756293140159
DEN,EGE,DEN-EGE,165,43,122,0.2606060606060606,53.682258256439106,161.3177417435609,0.24968492212297258,0.1942564846762442,0.30952338832469106
DEN,GEG,DEN-GEG,149,39,110,0.26174496644295303,49.682258256439106,149.3177417435609,0.24965958922833723,0.19215708309281784,0.3119270928390552
MAF,DEN,MAF-DEN,117,31,86,0.26495726495726496,41.682258256439106,125.3177417435609,0.24959436081700062,0.18712061813975808,0.31774735215355454
SRQ,ORD,SRQ-ORD,81,22,59,0.2716049382716049,32.682258256439106,98.3177417435609,0.24948288745373362,0.17947196950167088,0.3267363316628844
ROC,ATL,ROC-ATL,77,21,56,0.2727272727272727,31.682258256439106,95.3177417435609,0.24946660044440241,0.17843588768787536,0.32796833301357076
ATL,SNA,ATL-SNA,73,20,53,0.273972602739726,30.682258256439106,92.3177417435609,0.2494492541173911,0.1773521334106308,0.32926077393213116
ATL,STT,ATL-STT,69,19,50,0.2753623188405797,29.682258256439106,89.3177417435609,0.2494307416507488,0.17621691680262427,0.33061873412168186
ORD,IAH,ORD-IAH,438,111,327,0.2534246575342466,121.6822582564391,366.3177417435609,0.24934888986975226,0.2120019217295898,0.28864163930386944
GSO,ORD,GSO-ORD,45,13,32,0.28888888888888886,23.682258256439106,71.3177417435609,0.24928692901514848,0.16804800411320067,0.3405189653911693
STL,SAN,STL-SAN,37,11,26,0.2972972972972973,21.682258256439106,65.3177417435609,0.249221359269415,0.16464552148573186,0.34471137034979005
GNV,DFW,GNV-DFW,29,9,20,0.3103448275862069,19.682258256439106,59.317741743560894,0.24914250957517856,0.1607731371898984,0.34953410131160356
STX,ATL,STX-ATL,25,8,17,0.32,18.682258256439106,56.317741743560894,0.2490967767525214,0.15862490139587476,0.35223375376883936
ATL,RNO,ATL-RNO,21,7,14,0.3333333333333333,17.682258256439106,53.317741743560894,0.24904589093576204,0.15631102500160038,0.35516136065986303
RNO,ATL,RNO-ATL,21,7,14,0.3333333333333333,17.682258256439106,53.317741743560894,0.24904589093576204,0.15631102500160038,0.35516136065986303
BNA,DFW,BNA-DFW,270,69,201,0.25555555555555554,79.6822582564391,240.3177417435609,0.2490070570513722,0.20323500530368113,0.29775032750762487
DEN,BOI,DEN-BOI,242,62,180,0.256198347107438,72.6822582564391,219.3177417435609,0.2489118433439695,0.20108754851296445,0.2999934572267351
MSN,ORD,MSN-ORD,234,60,174,0.2564102564102564,70.6822582564391,213.3177417435609,0.24888119104379963,0.20041736772767746,0.30069448221418127
DEN,PVD,DEN-PVD,9,4,5,0.4444444444444444,14.682258256439104,44.317741743560894,0.24885183485490006,0.14812610928752143,0.3656884781511429
DFW,MFE,DFW-MFE,226,58,168,0.25663716814159293,68.6822582564391,207.3177417435609,0.2488487617986924,0.19971876591596247,0.301425739646202
DFW,ALB,DFW-ALB,5,3,2,0.6,13.682258256439104,41.317741743560894,0.24876833193525644,0.1448720440443222,0.36995119806980004
DFW,SYR,DFW-SYR,5,3,2,0.6,13.682258256439104,41.317741743560894,0.24876833193525644,0.1448720440443222,0.36995119806980004
DEN,OMA,DEN-OMA,247,63,184,0.2550607287449393,73.6822582564391,223.3177417435609,0.2480884116378421,0.20071216353844654,0.2986776434185837
DEN,CID,DEN-CID,66,18,48,0.2727272727272727,28.682258256439106,87.3177417435609,0.24726084703826814,0.1734377552984908,0.3293349038987813
ATL,ABY,ATL-ABY,62,17,45,0.27419354838709675,27.682258256439106,84.3177417435609,0.24716302014677774,0.1721400241465373,0.33073479514703275
DEN,BFL,DEN-BFL,62,17,45,0.27419354838709675,27.682258256439106,84.3177417435609,0.24716302014677774,0.1721400241465373,0.33073479514703275
DTW,DFW,DTW-DFW,317,80,237,0.25236593059936907,90.6822582564391,276.3177417435609,0.24709062195215012,0.20436766807848716,0.29242409840090333
BOI,DFW,BOI-DFW,58,16,42,0.27586206896551724,26.682258256439106,81.3177417435609,0.2470579468188806,0.17077370441434445,0.3322110801234778
PIA,DFW,PIA-DFW,58,16,42,0.27586206896551724,26.682258256439106,81.3177417435609,0.2470579468188806,0.17077370441434445,0.3322110801234778
DEN,PDX,DEN-PDX,309,78,231,0.2524271844660194,88.6822582564391,270.3177417435609,0.24702578901515068,0.203850578300889,0.29287037149507744
JFK,ATL,JFK-ATL,301,76,225,0.25249169435215946,86.6822582564391,264.3177417435609,0.24695800073059573,0.20331573118710966,0.29333120527448064
DEN,HYS,DEN-HYS,50,14,36,0.28,24.682258256439106,75.3177417435609,0.24682258256439105,0.16780940240068412,0.3354225959298396
DEN,SLC,DEN-SLC,646,161,485,0.24922600619195046,171.6822582564391,524.3177417435609,0.2466699112879872,0.21537222592291258,0.2793464916371722
BDL,DFW,BDL-DFW,42,12,30,0.2857142857142857,22.682258256439106,69.3177417435609,0.24654628539607723,0.16448382449778637,0.33903994986169916
DFW,BDL,DFW-BDL,42,12,30,0.2857142857142857,22.682258256439106,69.3177417435609,0.24654628539607723,0.16448382449778637,0.33903994986169916
DEN,STL,DEN-STL,257,65,192,0.2529182879377432,75.6822582564391,231.3177417435609,0.24652201386462247,0.20000574374710925,0.2961659371780362
MCO,ATL,MCO-ATL,651,162,489,0.2488479262672811,172.6822582564391,528.3177417435609,0.24633703032302295,0.21516383269767791,0.27888108663376476
DFW,DSM,DFW-DSM,95,25,70,0.2631578947368421,35.682258256439106,109.3177417435609,0.24608453969958005,0.1796939077132576,0.3191072856204189
ORD,RIC,ORD-RIC,30,9,21,0.3,19.682258256439106,60.317741743560894,0.2460282282054888,0.15863615679504656,0.34543924078394606
FWA,DFW,FWA-DFW,91,24,67,0.26373626373626374,34.682258256439106,106.3177417435609,0.24597346281162485,0.1787188501061727,0.3200512337655831
ROW,DFW,ROW-DFW,87,23,64,0.26436781609195403,33.682258256439106,103.3177417435609,0.24585589968203728,0.1777022540948307,0.3210350767385406
DEN,SAV,DEN-SAV,22,7,15,0.3181818181818182,17.682258256439106,54.317741743560894,0.2455869202283209,0.15399508907149587,0.3505548553482146
DFW,SBA,DFW-SBA,18,6,12,0.3333333333333333,16.682258256439106,51.317741743560894,0.24532732730057508,0.1513916868248043,0.35343938703600897
SBA,DFW,SBA-DFW,18,6,12,0.3333333333333333,16.682258256439106,51.317741743560894,0.24532732730057508,0.1513916868248043,0.35343938703600897
DFW,CLE,DFW-CLE,124,32,92,0.25806451612903225,42.682258256439106,131.3177417435609,0.2453003348071213,0.18444716691728583,0.31169766972013513
ORD,ICT,ORD-ICT,116,30,86,0.25862068965517243,40.682258256439106,125.3177417435609,0.24507384491830786,0.1828771605007868,0.31308695255827423
DEN,PIA,DEN-PIA,10,4,6,0.4,14.682258256439104,45.317741743560894,0.24470430427398507,0.14547685428889867,0.3600348862057101
PIA,DEN,PIA-DEN,10,4,6,0.4,14.682258256439104,45.317741743560894,0.24470430427398507,0.14547685428889867,0.3600348862057101
CMX,ORD,CMX-ORD,55,15,40,0.2727272727272727,25.682258256439106,79.3177417435609,0.24459293577561053,0.16763120545444382,0.3307654586119869
DFW,SBP,DFW-SBP,6,3,3,0.5,13.682258256439104,42.317741743560894,0.24432604029355542,0.14208931514009027,0.36383976235979976
FCA,DEN,FCA-DEN,92,24,68,0.2608695652173913,34.682258256439106,107.3177417435609,0.24424125532703594,0.17740095942994266,0.3179027867219085
PNS,DFW,PNS-DFW,92,24,68,0.2608695652173913,34.682258256439106,107.3177417435609,0.24424125532703594,0.17740095942994266,0.3179027867219085
DEN,DTW,DEN-DTW,207,52,155,0.25120772946859904,62.682258256439106,194.3177417435609,0.24389983757369302,0.19345536807721264,0.2981189420381034
DEN,CLE,DEN-CLE,125,32,93,0.256,42.682258256439106,132.3177417435609,0.24389861860822346,0.18334853556586297,0.30999148645367747
ORF,DEN,ORF-DEN,43,12,31,0.27906976744186046,22.682258256439106,70.3177417435609,0.2438952500692377,0.1626119941600747,0.3356052288343203
IDA,DEN,IDA-DEN,121,31,90,0.256198347107438,41.682258256439106,129.3177417435609,0.243755896236486,0.18255579669079477,0.3106315481667208
ORD,TUL,ORD-TUL,121,31,90,0.256198347107438,41.682258256439106,129.3177417435609,0.243755896236486,0.18255579669079477,0.3106315481667208
DEN,RNO,DEN-RNO,195,49,146,0.2512820512820513,59.682258256439106,185.3177417435609,0.24360105410791472,0.19201590684965494,0.299150290015199
DFW,ORF,DFW-ORF,68,18,50,0.2647058823529412,28.682258256439106,89.3177417435609,0.2430699852240602,0.17034640701071288,0.3240389268222985
DEN,JMS,DEN-JMS,31,9,22,0.2903225806451613,19.682258256439106,61.317741743560894,0.24299084267208773,0.15655540835725074,0.34143842484237885
DEN,SUX,DEN-SUX,31,9,22,0.2903225806451613,19.682258256439106,61.317741743560894,0.24299084267208773,0.15655540835725074,0.34143842484237885
DFW,OGG,DFW-OGG,31,9,22,0.2903225806451613,19.682258256439106,61.317741743560894,0.24299084267208773,0.15655540835725074,0.34143842484237885
LWS,DEN,LWS-DEN,31,9,22,0.2903225806451613,19.682258256439106,61.317741743560894,0.24299084267208773,0.15655540835725074,0.34143842484237885
MEM,DEN,MEM-DEN,101,26,75,0.25742574257425743,36.682258256439106,114.3177417435609,0.24292886262542454,0.17812877813774916,0.3141766358336
BTM,DEN,BTM-DEN,27,8,19,0.2962962962962963,18.682258256439106,58.317741743560894,0.24262673060310527,0.15424088394058974,0.3436659408326952
HNL,DFW,HNL-DFW,60,16,44,0.26666666666666666,26.682258256439106,83.3177417435609,0.2425659841494464,0.1675028855463396,0.32649104840866017
DEN,TUS,DEN-TUS,254,63,191,0.24803149606299213,73.6822582564391,230.3177417435609,0.2423758495277602,0.195942703397104,0.2920191251267895
PBI,DEN,PBI-DEN,23,7,16,0.30434782608695654,17.682258256439106,55.317741743560894,0.24222271584163158,0.15174698450322324,0.34606525735132176
DEC,ORD,DEC-ORD,52,14,38,0.2692307692307692,24.682258256439106,77.3177417435609,0.24198292408273633,0.16433669872692078,0.32920728186350334
DFW,BFL,DFW-BFL,19,6,13,0.3157894736842105,16.682258256439106,52.317741743560894,0.24177185878897253,0.14904944627725653,0.3486596756964674
DFW,MDW,DFW-MDW,19,6,13,0.3157894736842105,16.682258256439106,52.317741743560894,0.24177185878897253,0.14904944627725653,0.3486596756964674
STT,ORD,STT-ORD,19,6,13,0.3157894736842105,16.682258256439106,52.317741743560894,0.24177185878897253,0.14904944627725653,0.3486596756964674
DEN,PIT,DEN-PIT,110,28,82,0.2545454545454545,38.682258256439106,121.3177417435609,0.2417641141027444,0.17882537302050525,0.31081552008415403
DEN,FSD,DEN-FSD,135,34,101,0.2518518518518518,44.682258256439106,140.3177417435609,0.24152572030507624,0.18277472651376367,0.3055684873308503
BHM,DFW,BHM-DFW,164,41,123,0.25,51.682258256439106,162.3177417435609,0.24150587970298648,0.1866745960400894,0.3009123755051428
DEN,MSP,DEN-MSP,417,102,315,0.2446043165467626,112.6822582564391,354.3177417435609,0.24128963224076894,0.2036027331387044,0.2810751395125125
DEN,MKE,DEN-MKE,156,39,117,0.25,49.682258256439106,156.3177417435609,0.2411760109535879,0.18537412895729716,0.3017367894791305
DFW,ABQ,DFW-ABQ,181,45,136,0.24861878453038674,55.682258256439106,175.3177417435609,0.24104873704086194,0.18821463687460765,0.2981289157960638
DEN,AUS,DEN-AUS,347,85,262,0.24495677233429394,95.6822582564391,301.3177417435609,0.24101324497843601,0.2002659496702147,0.28423176667057193
ICT,ATL,ICT-ATL,65,17,48,0.26153846153846155,27.682258256439106,87.3177417435609,0.240715289186427,0.16741597635359784,0.3225522739323584
DEN,BHM,DEN-BHM,90,23,67,0.25555555555555554,33.682258256439106,106.3177417435609,0.24058755897456505,0.1737152562302978,0.3144771308857177
GUC,DFW,GUC-DFW,36,10,26,0.2777777777777778,20.682258256439106,65.3177417435609,0.2404913750748733,0.15675449779244352,0.33565227813836374
HDN,ORD,HDN-ORD,36,10,26,0.2777777777777778,20.682258256439106,65.3177417435609,0.2404913750748733,0.15675449779244352,0.33565227813836374
DEN,SUN,DEN-SUN,61,16,45,0.26229508196721313,26.682258256439106,84.3177417435609,0.2403807050129649,0.16591414013060216,0.323703795000457
RDM,DEN,RDM-DEN,61,16,45,0.26229508196721313,26.682258256439106,84.3177417435609,0.2403807050129649,0.16591414013060216,0.323703795000457
DEN,GCC,DEN-GCC,57,15,42,0.2631578947368421,25.682258256439106,81.3177417435609,0.24002110520036546,0.1643293712071185,0.32491291882635454
GSO,DFW,GSO-DFW,57,15,42,0.2631578947368421,25.682258256439106,81.3177417435609,0.24002110520036546,0.1643293712071185,0.32491291882635454
ORD,SEA,ORD-SEA,282,69,213,0.24468085106382978,79.6822582564391,252.3177417435609,0.2400068019772262,0.19566567379086625,0.28731437570654705
CMH,DFW,CMH-DFW,128,32,96,0.25,42.682258256439106,135.3177417435609,0.23978796773280397,0.1801299678126602,0.304982687861473
LAX,ATL,LAX-ATL,420,102,318,0.24285714285714285,112.6822582564391,357.3177417435609,0.23974948565199808,0.20227002914445236,0.27932656230768027
ORD,AUS,ORD-AUS,199,49,150,0.24623115577889448,59.682258256439106,189.3177417435609,0.23968778416240605,0.18882310231092256,0.2945123481480615
DFW,PDX,DFW-PDX,174,43,131,0.2471264367816092,53.682258256439106,170.3177417435609,0.23965293864481743,0.18616231251162513,0.29754586991707355
HDN,ATL,HDN-ATL,28,8,20,0.2857142857142857,18.682258256439106,59.317741743560894,0.23951613149280904,0.15213877271048368,0.33953516855730626
CLT,DFW,CLT-DFW,337,82,255,0.2433234421364985,92.6822582564391,294.3177417435609,0.23948903942232325,0.19833684161854587,0.28319121899453426
DFW,MEM,DFW-MEM,170,42,128,0.24705882352941178,52.682258256439106,167.3177417435609,0.2394648102565414,0.1855308151490717,0.29788436519502215
IND,DEN,IND-DEN,170,42,128,0.24705882352941178,52.682258256439106,167.3177417435609,0.2394648102565414,0.1855308151490717,0.29788436519502215
AGS,ATL,AGS-ATL,74,19,55,0.25675675675675674,29.682258256439106,94.3177417435609,0.23937305045515408,0.16875684170398822,0.317948494553735
DEN,DDC,DEN-DDC,49,13,36,0.2653061224489796,23.682258256439106,75.3177417435609,0.23921472986302128,0.16087864925330286,0.32752452751148553
DFW,GRR,DFW-GRR,70,18,52,0.2571428571428571,28.682258256439106,91.3177417435609,0.23901881880365922,0.16736361120995555,0.3189095650482051
LEX,DFW,LEX-DFW,70,18,52,0.2571428571428571,28.682258256439106,91.3177417435609,0.23901881880365922,0.16736361120995555,0.3189095650482051
DFW,GEG,DFW-GEG,24,7,17,0.2916666666666667,17.682258256439106,56.317741743560894,0.23894943589782575,0.1495637647905968,0.3416882210087505
ORD,MGW,ORD-MGW,24,7,17,0.2916666666666667,17.682258256439106,56.317741743560894,0.23894943589782575,0.1495637647905968,0.3416882210087505
MIA,DEN,MIA-DEN,267,65,202,0.24344569288389514,75.6822582564391,241.3177417435609,0.23874529418435048,0.19350069333180375,0.28711174412875595
MSY,DFW,MSY-DFW,200,49,151,0.245,59.682258256439106,190.3177417435609,0.23872903302575643,0.18804145665330577,0.29337516444749434
ACT,DFW,ACT-DFW,87,22,65,0.25287356321839083,32.682258256439106,104.3177417435609,0.23855662960904456,0.1712397087645416,0.31310042413364203
DEN,PSC,DEN-PSC,62,16,46,0.25806451612903225,26.682258256439106,85.3177417435609,0.2382344487182063,0.16435532827074217,0.32096343117445836
DEN,MSO,DEN-MSO,83,21,62,0.25301204819277107,31.682258256439106,101.3177417435609,0.2382124680935271,0.16999958184027483,0.3138792419970302
PBI,DFW,PBI-DFW,100,25,75,0.25,35.682258256439106,114.3177417435609,0.23788172170959404,0.17343387062484847,0.3089474041777942
SAN,STL,SAN-STL,37,10,27,0.2702702702702703,20.682258256439106,66.3177417435609,0.2377271063958518,0.15484580229179162,0.33202109959009396
DEN,FLL,DEN-FLL,159,39,120,0.24528301886792453,49.682258256439106,159.3177417435609,0.23771415433702922,0.18261186726466244,0.29756969514848364
IAH,DEN,IAH-DEN,361,87,274,0.2409972299168975,97.6822582564391,313.3177417435609,0.2376697281178567,0.19781153518573844,0.27994577468773574
LGA,ATL,LGA-ATL,551,132,419,0.2395644283121597,142.6822582564391,458.3177417435609,0.2374080836213629,0.20426573834930709,0.27220562218446054
DIK,DEN,DIK-DEN,54,14,40,0.25925925925925924,24.682258256439106,79.3177417435609,0.2373294063119145,0.16100518815589807,0.32321661136138236
HPN,ORD,HPN-ORD,92,23,69,0.25,33.682258256439106,108.3177417435609,0.2371990018059092,0.17115542478345455,0.3102512347471905
DFW,MKE,DFW-MKE,109,27,82,0.24770642201834864,37.682258256439106,121.3177417435609,0.2369953349461579,0.17438050883933354,0.305874627601867
MKE,DFW,MKE-DFW,109,27,82,0.24770642201834864,37.682258256439106,121.3177417435609,0.2369953349461579,0.17438050883933354,0.305874627601867
DFW,ABI,DFW-ABI,147,36,111,0.24489795918367346,46.682258256439106,150.3177417435609,0.23696577795146753,0.18036975276531783,0.29861886787595837
DFW,HSV,DFW-HSV,164,40,124,0.24390243902439024,50.682258256439106,163.3177417435609,0.2368329825067248,0.1824260149562269,0.29589775235942817
ATL,EGE,ATL-EGE,50,13,37,0.26,23.682258256439106,76.3177417435609,0.23682258256439107,0.15918113857790028,0.3244283686116177
ALB,ORD,ALB-ORD,67,17,50,0.2537313432835821,27.682258256439106,89.3177417435609,0.23660049791828294,0.1644084338413914,0.3173171985440424
ORD,ALB,ORD-ALB,67,17,50,0.2537313432835821,27.682258256439106,89.3177417435609,0.23660049791828294,0.1644084338413914,0.3173171985440424
COS,ATL,COS-ATL,29,8,21,0.27586206896551724,18.682258256439106,60.317741743560894,0.23648428172707728,0.15009335013359343,0.3355017270880616
DEN,JLN,DEN-JLN,29,8,21,0.27586206896551724,18.682258256439106,60.317741743560894,0.23648428172707728,0.15009335013359343,0.3355017270880616
DFW,TLH,DFW-TLH,84,21,63,0.25,31.682258256439106,102.3177417435609,0.23643476310775452,0.16867067082861728,0.3116472670194962
ROA,ORD,ROA-ORD,63,16,47,0.25396825396825395,26.682258256439106,86.3177417435609,0.23612617926052307,0.16282560952468336,0.318268792616875
FSD,DEN,FSD-DEN,135,33,102,0.24444444444444444,43.682258256439106,141.3177417435609,0.23612031489967084,0.17790199534590787,0.2997408892742125
DEN,HOU,DEN-HOU,207,50,157,0.24154589371980675,60.682258256439106,196.3177417435609,0.23611773640637784,0.18631002146759798,0.289814651197117
DEN,JFK,DEN-JFK,114,28,86,0.24561403508771928,38.682258256439106,125.3177417435609,0.23586742839292138,0.17427681670330927,0.30355759179200326
DEN,ELP,DEN-ELP,148,36,112,0.24324324324324326,46.682258256439106,151.3177417435609,0.2357689810931268,0.1794233367154891,0.2971690147118068
ATL,MTJ,ATL-MTJ,25,7,18,0.28,17.682258256439106,57.317741743560894,0.23576344341918806,0.1474426522169677,0.33741961038224255
ATL,JAX,ATL-JAX,318,76,242,0.2389937106918239,86.6822582564391,281.3177417435609,0.23554961482728015,0.19365522659169215,0.2801661389961727
ROC,ORD,ROC-ORD,127,31,96,0.2440944881889764,41.682258256439106,135.3177417435609,0.23549298449965597,0.17611232637027807,0.30053337428604154
OKC,DEN,OKC-DEN,246,59,187,0.23983739837398374,69.6822582564391,226.3177417435609,0.23541303465013208,0.18891247445845596,0.28529948165753316
DEN,CHS,DEN-CHS,55,14,41,0.2545454545454545,24.682258256439106,80.3177417435609,0.23506912625180101,0.15938970881785552,0.3203017762826139
JAC,ATL,JAC-ATL,21,6,15,0.2857142857142857,16.682258256439106,54.317741743560894,0.23496138389350854,0.14457647388254596,0.339474573252305
RAP,ORD,RAP-ORD,4,2,2,0.5,12.682258256439104,41.317741743560894,0.23485663437850193,0.13283987889053503,0.35544876446774243
STL,SJC,STL-SJC,4,2,2,0.5,12.682258256439104,41.317741743560894,0.23485663437850193,0.13283987889053503,0.35544876446774243
DFW,MSY,DFW-MSY,200,48,152,0.24,58.682258256439106,191.3177417435609,0.23472903302575643,0.18437896509342033,0.2890981846449565
ORD,PIA,ORD-PIA,132,32,100,0.24242424242424243,42.682258256439106,139.3177417435609,0.23451790250790716,0.17601067983886226,0.29854968278237215
ABQ,ORD,ABQ-ORD,51,13,38,0.2549019607843137,23.682258256439106,77.3177417435609,0.23447780451919906,0.157519169271894,0.3213898163070712
ORD,MEM,ORD-MEM,115,28,87,0.24347826086956523,38.682258256439106,126.3177417435609,0.23443792882690367,0.17317568553583815,0.30179551936947313
MCO,DFW,MCO-DFW,388,92,296,0.23711340206185566,102.6822582564391,335.3177417435609,0.23443437958091118,0.1959849018595106,0.2751806461097027
ATL,GEG,ATL-GEG,34,9,25,0.2647058823529412,19.682258256439106,64.3177417435609,0.23431259829094173,0.15062913815052492,0.3299692326984819
ORD,XNA,ORD-XNA,141,34,107,0.24113475177304963,44.682258256439106,146.3177417435609,0.23393852490282255,0.1768063269878307,0.2963465231700755
CID,DFW,CID-DFW,77,19,58,0.24675324675324675,29.682258256439106,97.3177417435609,0.23371856894833942,0.16457719830868842,0.3107994423029694
DEN,TYS,DEN-TYS,77,19,58,0.24675324675324675,29.682258256439106,97.3177417435609,0.23371856894833942,0.16457719830868842,0.3107994423029694
ATL,CID,ATL-CID,30,8,22,0.26666666666666666,18.682258256439106,61.317741743560894,0.23352822820548882,0.14810234680289733,0.3315622502909661
DEN,GSP,DEN-GSP,30,8,22,0.26666666666666666,18.682258256439106,61.317741743560894,0.23352822820548882,0.14810234680289733,0.3315622502909661
ORD,SUX,ORD-SUX,30,8,22,0.26666666666666666,18.682258256439106,61.317741743560894,0.23352822820548882,0.14810234680289733,0.3315622502909661
AMA,DEN,AMA-DEN,60,15,45,0.25,25.682258256439106,84.3177417435609,0.23347507505853732,0.1596141101929194,0.31651004761397405
DEN,RDM,DEN-RDM,60,15,45,0.25,25.682258256439106,84.3177417435609,0.23347507505853732,0.1596141101929194,0.31651004761397405
MOT,DEN,MOT-DEN,60,15,45,0.25,25.682258256439106,84.3177417435609,0.23347507505853732,0.1596141101929194,0.31651004761397405
ORD,SLC,ORD-SLC,240,57,183,0.2375,67.6822582564391,222.3177417435609,0.2333870974359969,0.1865879060883955,0.28366864608065845
ATL,DEN,ATL-DEN,420,99,321,0.2357142857142857,109.6822582564391,360.3177417435609,0.23336650692859381,0.19627058890995047,0.27261145768983797
DEN,MTJ,DEN-MTJ,133,32,101,0.24060150375939848,42.682258256439106,140.3177417435609,0.2332363839149678,0.17501019191584777,0.2969834308557665
DEN,MIA,DEN-MIA,266,63,203,0.23684210526315788,73.6822582564391,242.3177417435609,0.2331717033431617,0.1882741138622395,0.28126776455992875
DEN,ORF,DEN-ORF,43,11,32,0.2558139534883721,21.682258256439106,71.3177417435609,0.23314256189719468,0.1534197913051404,0.32372832241335414
SHV,ATL,SHV-ATL,13,4,9,0.3076923076923077,14.682258256439104,48.317741743560894,0.23305171835617625,0.13807029714462662,0.3440669090451347
DEN,LIT,DEN-LIT,116,28,88,0.2413793103448276,38.682258256439106,127.3177417435609,0.23302565214722354,0.17208841233963504,0.3000536924323959
DTW,ORD,DTW-ORD,421,99,322,0.23515439429928742,109.6822582564391,361.3177417435609,0.23287103663787495,0.19584347565506938,0.27204705046388145
ATL,CHA,ATL-CHA,129,31,98,0.24031007751937986,41.682258256439106,137.3177417435609,0.23286177796893356,0.17406462452458596,0.29731102029203116
DEN,JAC,DEN-JAC,129,31,98,0.24031007751937986,41.682258256439106,137.3177417435609,0.23286177796893356,0.17406462452458596,0.29731102029203116
DFW,SMF,DFW-SMF,129,31,98,0.24031007751937986,41.682258256439106,137.3177417435609,0.23286177796893356,0.17406462452458596,0.29731102029203116
DFW,JAC,DFW-JAC,56,14,42,0.25,24.682258256439106,81.3177417435609,0.23285149298527458,0.15780640766039633,0.317438717022551
MDT,ORD,MDT-ORD,56,14,42,0.25,24.682258256439106,81.3177417435609,0.23285149298527458,0.15780640766039633,0.317438717022551
ORD,MDT,ORD-MDT,56,14,42,0.25,24.682258256439106,81.3177417435609,0.23285149298527458,0.15780640766039633,0.317438717022551
ATL,ORF,ATL-ORF,185,44,141,0.23783783783783785,54.682258256439106,180.3177417435609,0.23269046066569832,0.18101560425417876,0.28867367889046947
RIC,DFW,RIC-DFW,69,17,52,0.2463768115942029,27.682258256439106,91.3177417435609,0.23262401896167315,0.161507304006259,0.3122483712501687
EWR,DEN,EWR-DEN,254,60,194,0.23622047244094488,70.6822582564391,233.3177417435609,0.23250742847512862,0.18682052256519993,0.2815273029008999
ORD,ROC,ORD-ROC,125,30,95,0.24,40.682258256439106,134.3177417435609,0.23247004717965203,0.17308491851002106,0.29764486437701565
ATL,RSW,ATL-RSW,267,63,204,0.23595505617977527,73.6822582564391,243.3177417435609,0.23243614591936623,0.1876621192526189,0.28040733679949614
ATL,OMA,ATL-OMA,138,33,105,0.2391304347826087,43.682258256439106,144.3177417435609,0.23235243753425056,0.1749507133728956,0.29514601621876413
ORD,ORF,ORD-ORF,95,23,72,0.24210526315789474,33.682258256439106,111.3177417435609,0.2322914362513042,0.1674543937467877,0.30412008200010954
IAH,STL,IAH-STL,52,13,39,0.25,23.682258256439106,78.3177417435609,0.2321790025141089,0.15589163359901778,0.31840729053323036
CID,DEN,CID-DEN,65,16,49,0.24615384615384617,26.682258256439106,88.3177417435609,0.23201963701251396,0.15985024448776533,0.3130122218666832
ATL,SMF,ATL-SMF,78,19,59,0.24358974358974358,29.682258256439106,98.3177417435609,0.2318926426284305,0.16322972451660217,0.30848694867782733
CMH,ATL,CMH-ATL,255,60,195,0.23529411764705882,70.6822582564391,234.3177417435609,0.23174510903750525,0.18618903179952875,0.2806326865084897
DEN,BWI,DEN-BWI,199,47,152,0.23618090452261306,57.682258256439106,191.3177417435609,0.23165565564834983,0.18147365843876725,0.2859195629462168
DFW,JAN,DFW-JAN,143,34,109,0.23776223776223776,44.682258256439106,148.3177417435609,0.23151429148414043,0.17490272756884356,0.29339449472888735
JAN,DFW,JAN-DFW,143,34,109,0.23776223776223776,44.682258256439106,148.3177417435609,0.23151429148414043,0.17490272756884356,0.29339449472888735
DFW,HNL,DFW-HNL,61,15,46,0.2459016393442623,25.682258256439106,85.3177417435609,0.2313716960039559,0.1581020679156731,0.31380427158507307
ATL,DTW,ATL-DTW,342,80,262,0.23391812865497075,90.6822582564391,301.3177417435609,0.2313322914705079,0.19097726098484397,0.27428354194767346
ORD,MIA,ORD-MIA,407,95,312,0.2334152334152334,105.6822582564391,351.3177417435609,0.2312522062504138,0.19378140855934206,0.27095067380638893
DEN,ONT,DEN-ONT,204,48,156,0.23529411764705882,58.682258256439106,195.3177417435609,0.2310325128206264,0.18137691346910922,0.28469897138847367
IAD,DFW,IAD-DFW,122,29,93,0.23770491803278687,39.682258256439106,132.3177417435609,0.23071080381650644,0.1710274086646822,0.29632348832659083
DFW,GSO,DFW-GSO,57,14,43,0.24561403508771928,24.682258256439106,82.3177417435609,0.23067531080784212,0.15625433015491128,0.31462607667025977
ATW,DEN,ATW-DEN,31,8,23,0.25806451612903225,18.682258256439106,62.317741743560894,0.23064516365974205,0.14616361322814533,0.32771352356044336
DEN,ANC,DEN-ANC,31,8,23,0.25806451612903225,18.682258256439106,62.317741743560894,0.23064516365974205,0.14616361322814533,0.32771352356044336
DEN,SHV,DEN-SHV,31,8,23,0.25806451612903225,18.682258256439106,62.317741743560894,0.23064516365974205,0.14616361322814533,0.32771352356044336
DEN,SJU,DEN-SJU,31,8,23,0.25806451612903225,18.682258256439106,62.317741743560894,0.23064516365974205,0.14616361322814533,0.32771352356044336
ORD,JST,ORD-JST,31,8,23,0.25806451612903225,18.682258256439106,62.317741743560894,0.23064516365974205,0.14616361322814533,0.32771352356044336
SYR,DEN,SYR-DEN,31,8,23,0.25806451612903225,18.682258256439106,62.317741743560894,0.23064516365974205,0.14616361322814533,0.32771352356044336
DFW,BUF,DFW-BUF,5,2,3,0.4,12.682258256439104,42.317741743560894,0.23058651375343825,0.13024709213031502,0.34945604794293306
ORD,GEG,ORD-GEG,5,2,3,0.4,12.682258256439104,42.317741743560894,0.23058651375343825,0.13024709213031502,0.34945604794293306
DFW,AUS,DFW-AUS,365,85,280,0.2328767123287671,95.6822582564391,319.3177417435609,0.23055965844925083,0.1913495059152163,0.27222921326639093
DFW,ONT,DFW-ONT,144,34,110,0.2361111111111111,44.682258256439106,149.3177417435609,0.23032091884762426,0.17396624859642545,0.29194033733274294
EYW,ORD,EYW-ORD,66,16,50,0.24242424242424243,26.682258256439106,89.3177417435609,0.2300194677279233,0.15840306793906894,0.31044814440721913
ORD,FOD,ORD-FOD,53,13,40,0.24528301886792453,23.682258256439106,79.3177417435609,0.22992483744115635,0.15429746951911472,0.3154792679123998
HNL,DEN,HNL-DEN,40,10,30,0.25,20.682258256439106,69.3177417435609,0.22980286951599005,0.1493894772179385,0.32158094459800024
MEM,ORD,MEM-ORD,114,27,87,0.23684210526315788,37.682258256439106,126.3177417435609,0.22976986741731162,0.16883992497007383,0.2969398836590702
HOB,DEN,HOB-DEN,27,7,20,0.25925925925925924,17.682258256439106,59.317741743560894,0.22963971761609228,0.14337641082680028,0.3291920983588118
DFW,MSN,DFW-MSN,88,21,67,0.23863636363636365,31.682258256439106,106.3177417435609,0.2295815815683993,0.16355695611187088,0.3030264373799013
ORD,SDF,ORD-SDF,149,35,114,0.2348993288590604,45.682258256439106,153.3177417435609,0.2295590867157744,0.1739528270478646,0.29031233709090143
ATL,STL,ATL-STL,245,57,188,0.23265306122448978,67.6822582564391,227.3177417435609,0.22943138392013254,0.1833263928316192,0.27901045633994803
ATL,TUL,ATL-TUL,97,23,74,0.23711340206185566,33.682258256439106,113.3177417435609,0.2291310085472048,0.16507489515690688,0.30016487632434574
DDC,DEN,DDC-DEN,49,12,37,0.24489795918367346,22.682258256439106,76.3177417435609,0.22911371976201117,0.15222061213815685,0.3163655401501114
SGF,DFW,SGF-DFW,228,53,175,0.2324561403508772,63.682258256439106,214.3177417435609,0.22907287142603994,0.18167131818665852,0.28016577521710007
STL,OAK,STL-OAK,1,1,0,1,11.682258256439104,39.317741743560894,0.2290638873811589,0.12569542898864608,0.3525247639747989
STL,PNS,STL-PNS,1,1,0,1,11.682258256439104,39.317741743560894,0.2290638873811589,0.12569542898864608,0.3525247639747989
DFW,FLG,DFW-FLG,36,9,27,0.25,19.682258256439106,66.3177417435609,0.22886346809812913,0.14692204917211338,0.32273877913160287
RDU,DEN,RDU-DEN,141,33,108,0.23404255319148937,43.682258256439106,147.3177417435609,0.2287029228085817,0.17209595109877035,0.29068932828415395
RDU,DFW,RDU-DFW,150,35,115,0.23333333333333334,45.682258256439106,154.3177417435609,0.22841129128219553,0.17305006826805702,0.28891547723269484
ATL,PDX,ATL-PDX,80,19,61,0.2375,29.682258256439106,100.3177417435609,0.22832506351107004,0.1606000552331175,0.30396314975703964
TPA,ATL,TPA-ATL,479,110,369,0.22964509394572025,120.6822582564391,408.3177417435609,0.22813281333920435,0.19340514835663533,0.2648073093094778
DEN,JAX,DEN-JAX,67,16,51,0.23880597014925373,26.682258256439106,90.3177417435609,0.2280534893712744,0.15698192133217265,0.30792549887350396
JAX,DEN,JAX-DEN,67,16,51,0.23880597014925373,26.682258256439106,90.3177417435609,0.2280534893712744,0.15698192133217265,0.30792549887350396
SMF,STL,SMF-STL,10,3,7,0.3,13.682258256439104,46.317741743560894,0.2280376376073184,0.1319539462313972,0.3412697455951391
FAR,DFW,FAR-DFW,89,21,68,0.23595505617977527,31.682258256439106,107.3177417435609,0.2279299155139504,0.16232672020530806,0.3009448701787326
AVP,ORD,AVP-ORD,32,8,24,0.25,18.682258256439106,63.317741743560894,0.2278324177614525,0.1442751119926305,0.323952475524495
PIA,ORD,PIA-ORD,133,31,102,0.23308270676691728,41.682258256439106,141.3177417435609,0.22777190304065084,0.17010911768424253,0.2910684218924917
DEN,SFO,DEN-SFO,476,109,367,0.22899159663865545,119.6822582564391,406.3177417435609,0.22753281037345835,0.1927448028255591,0.26428306933748913
EWR,ORD,EWR-ORD,498,114,384,0.2289156626506024,124.6822582564391,423.3177417435609,0.22752236908109325,0.19341863450339128,0.2635096604305427
DFW,SHV,DFW-SHV,164,38,126,0.23170731707317074,48.682258256439106,165.3177417435609,0.22748718811420143,0.17395764594414154,0.2858396831195139
DEN,MSN,DEN-MSN,63,15,48,0.23809523809523808,25.682258256439106,87.3177417435609,0.22727662173839916,0.1551625285221186,0.30852838677300565
ORD,ROA,ORD-ROA,63,15,48,0.23809523809523808,25.682258256439106,87.3177417435609,0.22727662173839916,0.1551625285221186,0.30852838677300565
ATL,SAT,ATL-SAT,195,45,150,0.23076923076923078,55.682258256439106,189.3177417435609,0.22727452349566982,0.17709115772507245,0.2816740597337982
DEN,PHL,DEN-PHL,195,45,150,0.23076923076923078,55.682258256439106,189.3177417435609,0.22727452349566982,0.17709115772507245,0.2816740597337982
DFW,ICT,DFW-ICT,213,49,164,0.2300469483568075,59.682258256439106,203.3177417435609,0.22692873861763918,0.17843990184123995,0.2793502407145715
DEN,TPA,DEN-TPA,266,61,205,0.22932330827067668,71.6822582564391,244.3177417435609,0.22684258941911106,0.1824307894707916,0.27452864581134073
ATL,SBA,ATL-SBA,28,7,21,0.25,17.682258256439106,60.317741743560894,0.22669561867229623,0.14142646783667454,0.32522586737263137
DEN,BTM,DEN-BTM,28,7,21,0.25,17.682258256439106,60.317741743560894,0.22669561867229623,0.14142646783667454,0.32522586737263137
FSD,ATL,FSD-ATL,28,7,21,0.25,17.682258256439106,60.317741743560894,0.22669561867229623,0.14142646783667454,0.32522586737263137
SLN,DEN,SLN-DEN,28,7,21,0.25,17.682258256439106,60.317741743560894,0.22669561867229623,0.14142646783667454,0.32522586737263137
FAT,ORD,FAT-ORD,6,2,4,0.3333333333333333,12.682258256439104,43.317741743560894,0.22646889743641258,0.12775385730722655,0.3436600986299486
SYR,DFW,SYR-DFW,6,2,4,0.3333333333333333,12.682258256439104,43.317741743560894,0.22646889743641258,0.12775385730722655,0.3436600986299486
DEN,MFR,DEN-MFR,59,14,45,0.23728813559322035,24.682258256439106,84.3177417435609,0.22644273629760647,0.15324021361756976,0.30914685587772717
DEN,RIW,DEN-RIW,59,14,45,0.23728813559322035,24.682258256439106,84.3177417435609,0.22644273629760647,0.15324021361756976,0.30914685587772717
DFW,SPS,DFW-SPS,59,14,45,0.23728813559322035,24.682258256439106,84.3177417435609,0.22644273629760647,0.15324021361756976,0.30914685587772717
DFW,FAR,DFW-FAR,90,21,69,0.23333333333333334,31.682258256439106,108.3177417435609,0.22630184468885076,0.1611148938072458,0.2988915667235148
DEN,FAT,DEN-FAT,121,28,93,0.23140495867768596,38.682258256439106,132.3177417435609,0.2262120365873632,0.16685101852531883,0.29163643127871575
DTW,STL,DTW-STL,121,28,93,0.23140495867768596,38.682258256439106,132.3177417435609,0.2262120365873632,0.16685101852531883,0.29163643127871575
DEN,BNA,DEN-BNA,272,62,210,0.22794117647058823,72.6822582564391,249.3177417435609,0.2257212989330407,0.18179447148875333,0.2728745610374558
DRO,DFW,DRO-DFW,64,15,49,0.234375,25.682258256439106,88.3177417435609,0.22528296716174653,0.1537334662179935,0.305956045018859
SLC,STL,SLC-STL,64,15,49,0.234375,25.682258256439106,88.3177417435609,0.22528296716174653,0.1537334662179935,0.305956045018859
DFW,BWI,DFW-BWI,104,24,80,0.23076923076923078,34.682258256439106,119.3177417435609,0.22520946919765653,0.16298207910683196,0.2941938108746197
SLC,DEN,SLC-DEN,647,146,501,0.22565687789799072,156.6822582564391,540.3177417435609,0.22479520553291119,0.19459057635456542,0.2564955909122695
ATL,TTN,ATL-TTN,2,1,1,0.5,11.682258256439104,40.317741743560894,0.22465881262382892,0.12309844905051384,0.3462440884011886
TTN,ATL,TTN-ATL,2,1,1,0.5,11.682258256439104,40.317741743560894,0.22465881262382892,0.12309844905051384,0.3462440884011886
GRR,ATL,GRR-ATL,109,25,84,0.22935779816513763,35.682258256439106,123.3177417435609,0.22441671859395665,0.16320227259366013,0.2921945813395147
ORD,DLH,ORD-DLH,60,14,46,0.23333333333333334,24.682258256439106,85.3177417435609,0.22438416596762822,0.15177644578145555,0.3064777866762409
STL,JAX,STL-JAX,11,3,8,0.2727272727272727,13.682258256439104,47.317741743560894,0.22429931567932956,0.12964267115975325,0.3360541558134331
DFW,RIC,DFW-RIC,69,16,53,0.2318840579710145,26.682258256439106,92.3177417435609,0.22422065761713533,0.15421495155295903,0.30300057702606376
ATL,CVG,ATL-CVG,194,44,150,0.2268041237113402,54.682258256439106,189.3177417435609,0.2241076158050783,0.1741120246255074,0.2783857374468731
LAW,DFW,LAW-DFW,87,20,67,0.22988505747126436,30.682258256439106,106.3177417435609,0.22395808946305917,0.15840215614231387,0.29714340286542607
DEN,GRR,DEN-GRR,96,22,74,0.22916666666666666,32.682258256439106,113.3177417435609,0.22385108394821304,0.1602190641350444,0.29464522749869937
IDA,DFW,IDA-DFW,29,7,22,0.2413793103448276,17.682258256439106,61.317741743560894,0.22382605387897603,0.1395289843727749,0.3213533822919643
ORD,SJC,ORD-SJC,29,7,22,0.2413793103448276,17.682258256439106,61.317741743560894,0.22382605387897603,0.1395289843727749,0.3213533822919643
ORD,SUN,ORD-SUN,29,7,22,0.2413793103448276,17.682258256439106,61.317741743560894,0.22382605387897603,0.1395289843727749,0.3213533822919643
SBA,ATL,SBA-ATL,29,7,22,0.2413793103448276,17.682258256439106,61.317741743560894,0.22382605387897603,0.1395289843727749,0.3213533822919643
FLG,DFW,FLG-DFW,38,9,29,0.23684210526315788,19.682258256439106,68.3177417435609,0.22366202564135348,0.1433934840484635,0.31581630717873466
LNK,ORD,LNK-ORD,38,9,29,0.23684210526315788,19.682258256439106,68.3177417435609,0.22366202564135348,0.1433934840484635,0.31581630717873466
DEN,SMF,DEN-SMF,284,64,220,0.22535211267605634,74.6822582564391,259.3177417435609,0.22359957561808114,0.18059826665625922,0.2697354605750827
DEN,LGA,DEN-LGA,369,83,286,0.22493224932249323,93.6822582564391,325.3177417435609,0.2235853419008093,0.1850228639741017,0.2646467460295078
DEN,RDU,DEN-RDU,141,32,109,0.22695035460992907,42.682258256439106,148.3177417435609,0.22346732071434086,0.16739871392579136,0.28501897753648864
SFO,STL,SFO-STL,56,13,43,0.23214285714285715,23.682258256439106,82.3177417435609,0.22341753072112364,0.14970522373441278,0.3070077841459774
DFW,TUS,DFW-TUS,204,46,158,0.22549019607843138,56.682258256439106,197.3177417435609,0.2231584970725949,0.1741926556262705,0.2762524494074201
ORD,PDX,ORD-PDX,110,25,85,0.22727272727272727,35.682258256439106,124.3177417435609,0.2230141141027444,0.16213961536618227,0.2904441481685136
LAS,STL,LAS-STL,146,33,113,0.22602739726027396,43.682258256439106,152.3177417435609,0.2228686645736689,0.16753995635060626,0.2835521529845818
DFW,LBB,DFW-LBB,191,43,148,0.225130890052356,53.682258256439106,187.3177417435609,0.22274795957028676,0.17258253425025558,0.2772705422341215
DEN,ABQ,DEN-ABQ,227,51,176,0.22466960352422907,61.682258256439106,215.3177417435609,0.22267963269472602,0.175733940263652,0.27341730517496643
ATL,MOB,ATL-MOB,7,2,5,0.2857142857142857,12.682258256439104,44.317741743560894,0.22249575888489656,0.12535453272226818,0.3380514974906782
MOB,ATL,MOB-ATL,7,2,5,0.2857142857142857,12.682258256439104,44.317741743560894,0.22249575888489656,0.12535453272226818,0.3380514974906782
ATL,BWI,ATL-BWI,443,99,344,0.2234762979683973,109.6822582564391,383.3177417435609,0.22247922567229025,0.18689642369787757,0.2601944103749031
ORD,GSO,ORD-GSO,43,10,33,0.23255813953488372,20.682258256439106,72.3177417435609,0.22238987372515168,0.14430548793099596,0.3117732204601885
DEN,BFF,DEN-BFF,52,12,40,0.23076923076923078,22.682258256439106,79.3177417435609,0.22237508094548142,0.1475086669122556,0.30754499456197404
DLH,ORD,DLH-ORD,61,14,47,0.22950819672131148,24.682258256439106,86.3177417435609,0.2223626869949469,0.15034044064360164,0.30385415523139203
ATL,MGM,ATL-MGM,70,16,54,0.22857142857142856,26.682258256439106,93.3177417435609,0.22235215213699255,0.15286780605977235,0.30059641372065804
DFW,SJU,DFW-SJU,70,16,54,0.22857142857142856,26.682258256439106,93.3177417435609,0.22235215213699255,0.15286780605977235,0.30059641372065804
MGM,ATL,MGM-ATL,70,16,54,0.22857142857142856,26.682258256439106,93.3177417435609,0.22235215213699255,0.15286780605977235,0.30059641372065804
ATL,EYW,ATL-EYW,115,26,89,0.22608695652173913,36.682258256439106,128.3177417435609,0.22231671670569156,0.16239105119879121,0.2886153367967944
MKE,ORD,MKE-ORD,214,48,166,0.22429906542056074,58.682258256439106,205.3177417435609,0.22228128127439056,0.17428346579644471,0.2742634539276053
DFW,IAH,DFW-IAH,453,101,352,0.2229580573951435,111.6822582564391,391.3177417435609,0.2220323225774137,0.18682097162282812,0.25933703236997596
ATL,SFO,ATL-SFO,192,43,149,0.22395833333333334,53.682258256439106,188.3177417435609,0.22182751345635995,0.17184526748776857,0.27616330092541763
SLC,DFW,SLC-DFW,305,68,237,0.22295081967213115,78.6822582564391,276.3177417435609,0.22164016410264534,0.18002426443301198,0.2662261385127591
CHA,DFW,CHA-DFW,111,25,86,0.22522522522522523,35.682258256439106,125.3177417435609,0.22162893326980812,0.16109073501281296,0.2887144735497599
BWI,ATL,BWI-ATL,436,97,339,0.22247706422018348,107.6822582564391,378.3177417435609,0.2215684326264179,0.18579665192529132,0.2595103981787902
DCA,ATL,DCA-ATL,527,117,410,0.222011385199241,127.6822582564391,449.3177417435609,0.22128640945656688,0.188381382463209,0.2560212517277193
ORD,AVL,ORD-AVL,48,11,37,0.22916666666666666,21.682258256439106,76.3177417435609,0.22124753322897048,0.14517410188923652,0.30808797584835534
DFW,BRO,DFW-BRO,125,28,97,0.224,38.682258256439106,136.3177417435609,0.2210414757510806,0.1628856212113583,0.2852338296619188
ATL,GRB,ATL-GRB,30,7,23,0.23333333333333334,17.682258256439106,62.317741743560894,0.2210282282054888,0.1376818660167825,0.31757138745959523
ATL,ROA,ATL-ROA,30,7,23,0.23333333333333334,17.682258256439106,62.317741743560894,0.2210282282054888,0.1376818660167825,0.31757138745959523
DFW,YUM,DFW-YUM,30,7,23,0.23333333333333334,17.682258256439106,62.317741743560894,0.2210282282054888,0.1376818660167825,0.31757138745959523
DFW,TUL,DFW-TUL,234,52,182,0.2222222222222222,62.682258256439106,221.3177417435609,0.22071217695929263,0.1744882107403357,0.27066088900368435
BUF,DEN,BUF-DEN,12,3,9,0.25,13.682258256439104,48.317741743560894,0.22068158478127586,0.12741117533950377,0.33099422983590054
DFW,COS,DFW-COS,148,33,115,0.22297297297297297,43.682258256439106,154.3177417435609,0.22061746594161163,0.1657845200911332,0.2807941011480418
ORD,LGA,ORD-LGA,905,200,705,0.22099447513812154,210.6822582564391,744.3177417435609,0.2206096945093603,0.1948889616210557,0.24743872076274454
JAC,DEN,JAC-DEN,130,29,101,0.2230769230769231,39.682258256439106,140.3177417435609,0.2204569903135506,0.16312831589325655,0.28366683471465637
ORD,RAP,ORD-RAP,3,1,2,0.3333333333333333,11.682258256439104,41.317741743560894,0.2204199671026246,0.12060688774204756,0.3401811360540523
DEN,GTF,DEN-GTF,62,14,48,0.22580645161290322,24.682258256439106,87.3177417435609,0.22037730586106344,0.1489314138789762,0.3012748187965303
IAD,ORD,IAD-ORD,121,27,94,0.2231404958677686,37.682258256439106,133.3177417435609,0.22036408337098892,0.16165053769966492,0.2852702277684198
DEN,IND,DEN-IND,171,38,133,0.2222222222222222,48.682258256439106,172.3177417435609,0.22028171156759777,0.168253204144297,0.2771037358125671
SJU,ORD,SJU-ORD,112,25,87,0.22321428571428573,35.682258256439106,126.3177417435609,0.2202608534348093,0.1600553647605285,0.28700519226455734
ORD,LEX,ORD-LEX,53,12,41,0.22641509433962265,22.682258256439106,80.3177417435609,0.2202160995770787,0.14600232826395018,0.3047124747783718
ATL,BNA,ATL-BNA,271,60,211,0.22140221402214022,70.6822582564391,250.3177417435609,0.22019395095463892,0.17663687000097858,0.2670526614648605
DEN,SNA,DEN-SNA,271,60,211,0.22140221402214022,70.6822582564391,250.3177417435609,0.22019395095463892,0.17663687000097858,0.2670526614648605
DEN,OAK,DEN-OAK,126,28,98,0.2222222222222222,38.682258256439106,137.3177417435609,0.2197855582752222,0.161923605337639,0.28367669204641777
ATL,DAY,ATL-DAY,76,17,59,0.2236842105263158,27.682258256439106,98.3177417435609,0.2197004623526913,0.1521143835453819,0.2957090546037968
ATL,BOS,ATL-BOS,363,80,283,0.22038567493112948,90.6822582564391,322.3177417435609,0.219569632582177,0.18101648853864363,0.26069479758063263
ORD,BTV,ORD-BTV,67,15,52,0.22388059701492538,25.682258256439106,91.3177417435609,0.21950648082426585,0.14960031135704524,0.29848877152190467
JMS,DEN,JMS-DEN,26,6,20,0.23076923076923078,16.682258256439106,59.317741743560894,0.21950339811104086,0.13448931705973857,0.3184833793663686
SAF,DEN,SAF-DEN,99,22,77,0.2222222222222222,32.682258256439106,116.3177417435609,0.21934401514388663,0.156854757464102,0.288965518248566
MCO,DEN,MCO-DEN,400,88,312,0.22,98.6822582564391,351.3177417435609,0.21929390723653133,0.1823198174781253,0.25863089710959886
AGS,DFW,AGS-DFW,17,4,13,0.23529411764705882,14.682258256439104,52.317741743560894,0.2191381829319269,0.12929624471199122,0.32483936130839874
DFW,DEN,DFW-DEN,446,98,348,0.21973094170403587,108.6822582564391,387.3177417435609,0.2191174561621756,0.18385085314027264,0.2565292010423721
ATL,CLT,ATL-CLT,364,80,284,0.21978021978021978,90.6822582564391,323.3177417435609,0.2190392711508191,0.18056805592777872,0.26008114389496084
GJT,DEN,GJT-DEN,186,41,145,0.22043010752688172,51.682258256439106,184.3177417435609,0.2189926197306742,0.16867843699376975,0.2738164087156
ATL,BZN,ATL-BZN,40,9,31,0.225,19.682258256439106,70.3177417435609,0.21869175840487895,0.14003081822066482,0.30918270408785786
TPA,DFW,TPA-DFW,223,49,174,0.21973094170403587,59.682258256439106,213.3177417435609,0.21861633060966706,0.1716971685807497,0.2694393103795588
ORD,TYS,ORD-TYS,118,26,92,0.22033898305084745,36.682258256439106,131.3177417435609,0.21834677533594707,0.15937445110659165,0.283667585127075
DEN,MLI,DEN-MLI,31,7,24,0.22580645161290322,17.682258256439106,63.317741743560894,0.21829948464739637,0.13588312868230729,0.3138767746031458
KOA,DEN,KOA-DEN,31,7,24,0.22580645161290322,17.682258256439106,63.317741743560894,0.21829948464739637,0.13588312868230729,0.3138767746031458
SHV,DEN,SHV-DEN,31,7,24,0.22580645161290322,17.682258256439106,63.317741743560894,0.21829948464739637,0.13588312868230729,0.3138767746031458
BPT,DFW,BPT-DFW,54,12,42,0.2222222222222222,22.682258256439106,81.3177417435609,0.21809863708114524,0.144526511510957,0.3019313615822471
ATL,FAY,ATL-FAY,22,5,17,0.22727272727272727,15.682258256439104,56.317741743560894,0.21780914245054311,0.13103253728011385,0.3194148458718843
BUR,ATL,BUR-ATL,22,5,17,0.22727272727272727,15.682258256439104,56.317741743560894,0.21780914245054311,0.13103253728011385,0.3194148458718843
FAY,ATL,FAY-ATL,22,5,17,0.22727272727272727,15.682258256439104,56.317741743560894,0.21780914245054311,0.13103253728011385,0.3194148458718843
SAV,DEN,SAV-DEN,22,5,17,0.22727272727272727,15.682258256439104,56.317741743560894,0.21780914245054311,0.13103253728011385,0.3194148458718843
ICT,DEN,ICT-DEN,146,32,114,0.2191780821917808,42.682258256439106,153.3177417435609,0.21776662375734238,0.16296945628504017,0.2780169556327059
CMH,ORD,CMH-ORD,293,64,229,0.21843003412969283,74.6822582564391,268.3177417435609,0.21773253135988074,0.1757265038108238,0.26285562226841896
LBB,DFW,LBB-DFW,192,42,150,0.21875,52.682258256439106,189.3177417435609,0.21769528205140126,0.16809787163487128,0.2717108000069802
JAX,DFW,JAX-DFW,114,25,89,0.21929824561403508,35.682258256439106,128.3177417435609,0.2175747454660921,0.15802412154558798,0.283646390902655
ORD,DTW,ORD-DTW,422,92,330,0.21800947867298578,102.6822582564391,369.3177417435609,0.2175471573229642,0.1815289047211977,0.25583220008417396
FLL,DEN,FLL-DEN,160,35,125,0.21875,45.682258256439106,164.3177417435609,0.2175345631259005,0.16451329175745333,0.27564978679339036
DFW,CAE,DFW-CAE,59,13,46,0.22033898305084745,23.682258256439106,85.3177417435609,0.21726842437100097,0.14537901117198107,0.29897693092259947
MIA,DFW,MIA-DFW,372,81,291,0.21774193548387097,91.6822582564391,330.3177417435609,0.2172565361526993,0.17926214517458947,0.2577888480382132
STL,ORD,STL-ORD,142,31,111,0.21830985915492956,41.682258256439106,150.3177417435609,0.21709509508562033,0.16183570816466555,0.27793441756376236
XNA,ORD,XNA-ORD,142,31,111,0.21830985915492956,41.682258256439106,150.3177417435609,0.21709509508562033,0.16183570816466555,0.27793441756376236
DCA,DEN,DCA-DEN,119,26,93,0.2184873949579832,36.682258256439106,132.3177417435609,0.21705478258247993,0.158393717086257,0.2820556686072594
ORD,CID,ORD-CID,202,44,158,0.21782178217821782,54.682258256439106,197.3177417435609,0.2169930883192028,0.16840380130027302,0.26983575840367535
MTJ,DEN,MTJ-DEN,133,29,104,0.21804511278195488,39.682258256439106,143.3177417435609,0.21684294129201698,0.1603514141121072,0.2791938955485377
ATL,RDU,ATL-RDU,336,73,263,0.21726190476190477,83.6822582564391,302.3177417435609,0.21679341517212203,0.17716915711798426,0.2591967800881251
ATL,CMH,ATL-CMH,253,55,198,0.21739130434782608,65.6822582564391,237.3177417435609,0.21677312955920494,0.17228203666559558,0.264804641316309
ATL,HOU,ATL-HOU,207,45,162,0.21739130434782608,55.682258256439106,201.3177417435609,0.21666248348808992,0.16855443460190975,0.26894605750445033
ATL,SEA,ATL-SEA,207,45,162,0.21739130434782608,55.682258256439106,201.3177417435609,0.21666248348808992,0.16855443460190975,0.26894605750445033
DTW,DEN,DTW-DEN,207,45,162,0.21739130434782608,55.682258256439106,201.3177417435609,0.21666248348808992,0.16855443460190975,0.26894605750445033
FAT,DFW,FAT-DFW,87,19,68,0.21839080459770116,29.682258256439106,107.3177417435609,0.21665881939006645,0.15202913568598447,0.28911903477037726
STL,PIT,STL-PIT,27,6,21,0.2222222222222222,16.682258256439106,60.317741743560894,0.2166527046290793,0.13263886587214394,0.31459065842701006
DFW,DRO,DFW-DRO,64,14,50,0.21875,24.682258256439106,89.3177417435609,0.21651103733718513,0.1461913035253787,0.2962446468855907
ATL,MKE,ATL-MKE,175,38,137,0.21714285714285714,48.682258256439106,176.3177417435609,0.21636559225084048,0.16515869288138127,0.2723466220944297
DFW,STT,DFW-STT,4,1,3,0.25,11.682258256439104,42.317741743560894,0.21633811585998342,0.11821443682636322,0.3343249124777299
SJU,STL,SJU-STL,4,1,3,0.25,11.682258256439104,42.317741743560894,0.21633811585998342,0.11821443682636322,0.3343249124777299
STL,SJU,STL-SJU,4,1,3,0.25,11.682258256439104,42.317741743560894,0.21633811585998342,0.11821443682636322,0.3343249124777299
CHS,DEN,CHS-DEN,55,12,43,0.21818181818181817,22.682258256439106,82.3177417435609,0.21602150720418195,0.14308029612383052,0.29920027755000334
FAT,ATL,FAT-ATL,18,4,14,0.2222222222222222,14.682258256439104,53.317741743560894,0.2159155625946927,0.12727466373359836,0.32036104654213615
ATL,TUS,ATL-TUS,69,15,54,0.21739130434782608,25.682258256439106,93.3177417435609,0.21581729627259752,0.1469664236480294,0.29370883501838596
PSP,ORD,PSP-ORD,69,15,54,0.21739130434782608,25.682258256439106,93.3177417435609,0.21581729627259752,0.1469664236480294,0.29370883501838596
DEN,SEA,DEN-SEA,445,96,349,0.2157303370786517,106.6822582564391,388.3177417435609,0.21551971364937192,0.18044977853989444,0.2527666330831062
LFT,DFW,LFT-DFW,125,27,98,0.216,37.682258256439106,137.3177417435609,0.2153271900367949,0.15781118302429387,0.2790030621805739
BIL,DFW,BIL-DFW,60,13,47,0.21666666666666667,23.682258256439106,86.3177417435609,0.21529325687671913,0.14399209222061435,0.2963920458194279
DFW,BIL,DFW-BIL,60,13,47,0.21666666666666667,23.682258256439106,86.3177417435609,0.21529325687671913,0.14399209222061435,0.2963920458194279
SJU,ATL,SJU-ATL,181,39,142,0.2154696132596685,49.682258256439106,181.3177417435609,0.21507471106683596,0.16462677752050306,0.27019394599523483
FCA,ORD,FCA-ORD,9,2,7,0.2222222222222222,12.682258256439104,46.317741743560894,0.2149535297701543,0.12081710716445436,0.32736153345396324
MTJ,ORD,MTJ-ORD,9,2,7,0.2222222222222222,12.682258256439104,46.317741743560894,0.2149535297701543,0.12081710716445436,0.32736153345396324
PVD,DEN,PVD-DEN,9,2,7,0.2222222222222222,12.682258256439104,46.317741743560894,0.2149535297701543,0.12081710716445436,0.32736153345396324
OGG,ATL,OGG-ATL,23,5,18,0.21739130434782608,15.682258256439104,57.317741743560894,0.21482545556765895,0.1291285149923537,0.3153024083768913
ORD,BDL,ORD-BDL,158,34,124,0.21518987341772153,44.682258256439106,163.3177417435609,0.2148185493098034,0.161836828592475,0.2729925339379644
DEN,MDW,DEN-MDW,214,46,168,0.21495327102803738,56.682258256439106,207.3177417435609,0.21470552369863297,0.16738489771903375,0.2661190281120731
BRO,DFW,BRO-DFW,126,27,99,0.21428571428571427,37.682258256439106,138.3177417435609,0.21410374009340402,0.15687972455187418,0.2774789002595561
ATL,CLE,ATL-CLE,229,49,180,0.21397379912663755,59.682258256439106,219.3177417435609,0.21391490414494302,0.1678910802603207,0.2638223472607616
TUL,DFW,TUL-DFW,234,50,184,0.21367521367521367,60.682258256439106,223.3177417435609,0.21366992343816588,0.168054921847809,0.26310345491542464
TYS,DFW,TYS-DFW,103,22,81,0.21359223300970873,32.682258256439106,120.3177417435609,0.21360953108783728,0.15258322159066234,0.2817232672571178
ATL,MSY,ATL-MSY,309,66,243,0.21359223300970873,76.6822582564391,282.3177417435609,0.21359960517113954,0.1728186270028426,0.2574023127641244
EWR,DFW,EWR-DFW,295,63,232,0.2135593220338983,73.6822582564391,271.3177417435609,0.21357176306214232,0.17200902060372125,0.25827912919651674
PVU,DFW,PVU-DFW,89,19,70,0.21348314606741572,29.682258256439106,109.3177417435609,0.2135414263053173,0.14974613409355406,0.28513931438125495
ATL,AGS,ATL-AGS,75,16,59,0.21333333333333335,26.682258256439106,98.3177417435609,0.21345806605151285,0.1464710323740445,0.28912337639617924
DAY,ATL,DAY-ATL,75,16,59,0.21333333333333335,26.682258256439106,98.3177417435609,0.21345806605151285,0.1464710323740445,0.28912337639617924
DFW,SEA,DFW-SEA,389,83,306,0.2133676092544987,93.6822582564391,345.3177417435609,0.21339922154086355,0.17638694808471603,0.25288440653733724
ATL,ONT,ATL-ONT,61,13,48,0.21311475409836064,23.682258256439106,87.3177417435609,0.21335367798593788,0.1426314404438194,0.29385124412921937
DEN,BUR,DEN-BUR,169,36,133,0.21301775147928995,46.682258256439106,172.3177417435609,0.21316099660474477,0.16161871557163368,0.26966346197229796
IAH,DFW,IAH-DFW,460,98,362,0.21304347826086956,108.6822582564391,401.3177417435609,0.21310246716948844,0.17868944918096027,0.249646390378773
DSM,DFW,DSM-DFW,94,20,74,0.2127659574468085,30.682258256439106,113.3177417435609,0.21307123789193824,0.15037158720457952,0.2833150787665414
STL,SEA,STL-SEA,33,7,26,0.21212121212121213,17.682258256439106,65.3177417435609,0.21303925610167598,0.13242336979981648,0.30673795038583207
DFW,PHX,DFW-PHX,371,79,292,0.21293800539083557,89.6822582564391,331.3177417435609,0.21302199110793135,0.17528375049337666,0.25334224177787035
SEA,ORD,SEA-ORD,282,60,222,0.2127659574468085,70.6822582564391,261.3177417435609,0.21289836824228645,0.17061974383925219,0.25845238826199846
BFL,DFW,BFL-DFW,19,4,15,0.21052631578947367,14.682258256439104,54.317741743560894,0.2127863515425957,0.12531547076496624,0.31600362610738386
DFW,MRY,DFW-MRY,19,4,15,0.21052631578947367,14.682258256439104,54.317741743560894,0.2127863515425957,0.12531547076496624,0.31600362610738386
MRY,DFW,MRY-DFW,19,4,15,0.21052631578947367,14.682258256439104,54.317741743560894,0.2127863515425957,0.12531547076496624,0.31600362610738386
RAP,DFW,RAP-DFW,66,14,52,0.21212121212121213,24.682258256439106,91.3177417435609,0.2127780884175785,0.14355040298236457,0.2913788557828597
DFW,SLC,DFW-SLC,306,65,241,0.21241830065359477,75.6822582564391,280.3177417435609,0.2125906130798851,0.17172424804971034,0.2565148875097777
BFF,DEN,BFF-DEN,52,11,41,0.21153846153846154,21.682258256439106,80.3177417435609,0.21257115937685397,0.1391907202968967,0.29661744231980847
EAR,DEN,EAR-DEN,52,11,41,0.21153846153846154,21.682258256439106,80.3177417435609,0.21257115937685397,0.1391907202968967,0.29661744231980847
ORD,BOI,ORD-BOI,52,11,41,0.21153846153846154,21.682258256439106,80.3177417435609,0.21257115937685397,0.1391907202968967,0.29661744231980847
ORD,MCW,ORD-MCW,52,11,41,0.21153846153846154,21.682258256439106,80.3177417435609,0.21257115937685397,0.1391907202968967,0.29661744231980847
SDF,ATL,SDF-ATL,198,42,156,0.21212121212121213,52.682258256439106,195.3177417435609,0.212428460711448,0.16389870799168613,0.26534976513334396
ANC,DFW,ANC-DFW,5,1,4,0.2,11.682258256439104,43.317741743560894,0.21240469557162006,0.11591528290120443,0.3286651402116574
DFW,PIT,DFW-PIT,118,25,93,0.211864406779661,35.682258256439106,132.3177417435609,0.2123943943835661,0.1541127534122269,0.2771583490762617
ATL,TYS,ATL-TYS,62,13,49,0.20967741935483872,23.682258256439106,88.3177417435609,0.211448734432492,0.14129631498458792,0.2913534146009905
DEN,HSV,DEN-HSV,62,13,49,0.20967741935483872,23.682258256439106,88.3177417435609,0.211448734432492,0.14129631498458792,0.2913534146009905
PIT,ORD,PIT-ORD,237,50,187,0.2109704641350211,60.682258256439106,226.3177417435609,0.21143643991790628,0.16624535836212517,0.26043557941441486
DFW,SDF,DFW-SDF,133,28,105,0.21052631578947367,38.682258256439106,144.3177417435609,0.21137846041770003,0.15549558251980494,0.2732335770001668
JAX,STL,JAX-STL,10,2,8,0.2,12.682258256439104,47.317741743560894,0.21137097094065174,0.11866967139414479,0.3222640756306655
DFW,COU,DFW-COU,81,17,64,0.20987654320987653,27.682258256439106,103.3177417435609,0.21131494852243593,0.14604864892591757,0.28492409088296033
PHL,STL,PHL-STL,81,17,64,0.20987654320987653,27.682258256439106,103.3177417435609,0.21131494852243593,0.14604864892591757,0.28492409088296033
DFW,TPA,DFW-TPA,223,47,176,0.21076233183856502,57.682258256439106,215.3177417435609,0.21129032328365974,0.1650252866777115,0.2615606585050727
ATL,FSD,ATL-FSD,29,6,23,0.20689655172413793,16.682258256439106,62.317741743560894,0.21116782603087475,0.12908696748961937,0.3070820347721547
DEN,SRQ,DEN-SRQ,29,6,23,0.20689655172413793,16.682258256439106,62.317741743560894,0.21116782603087475,0.12908696748961937,0.3070820347721547
DFW,GNV,DFW-GNV,29,6,23,0.20689655172413793,16.682258256439106,62.317741743560894,0.21116782603087475,0.12908696748961937,0.3070820347721547
JLN,DEN,JLN-DEN,29,6,23,0.20689655172413793,16.682258256439106,62.317741743560894,0.21116782603087475,0.12908696748961937,0.3070820347721547
JLN,ORD,JLN-ORD,29,6,23,0.20689655172413793,16.682258256439106,62.317741743560894,0.21116782603087475,0.12908696748961937,0.3070820347721547
ORD,JLN,ORD-JLN,29,6,23,0.20689655172413793,16.682258256439106,62.317741743560894,0.21116782603087475,0.12908696748961937,0.3070820347721547
ATL,MSP,ATL-MSP,280,59,221,0.21071428571428572,69.6822582564391,260.3177417435609,0.21115835835284574,0.1688997867534687,0.2567321157827043
DEN,MCI,DEN-MCI,280,59,221,0.21071428571428572,69.6822582564391,260.3177417435609,0.21115835835284574,0.1688997867534687,0.2567321157827043
DEN,MSY,DEN-MSY,209,44,165,0.21052631578947367,54.682258256439106,204.3177417435609,0.21112841025652165,0.1637080458123338,0.26277285920245463
DFW,MCO,DFW-MCO,389,82,307,0.21079691516709512,92.6822582564391,346.3177417435609,0.21112131721284533,0.17426885923872518,0.25046632208135533
DEN,DSM,DEN-DSM,157,33,124,0.21019108280254778,43.682258256439106,163.3177417435609,0.21102540220501984,0.1583205257498931,0.2690168636226009
MLI,ORD,MLI-ORD,67,14,53,0.208955223880597,24.682258256439106,92.3177417435609,0.2109594722772573,0.14226548408098919,0.2890051203962509
ORD,MLI,ORD-MLI,67,14,53,0.208955223880597,24.682258256439106,92.3177417435609,0.2109594722772573,0.14226548408098919,0.2890051203962509
ATL,BUF,ATL-BUF,86,18,68,0.20930232558139536,28.682258256439106,107.3177417435609,0.2108989577679346,0.14680620543020062,0.2830396141984082
STL,DFW,STL-DFW,167,35,132,0.20958083832335328,45.682258256439106,171.3177417435609,0.21051731915409727,0.15902277433737455,0.2670637876932713
DEN,BDL,DEN-BDL,91,19,72,0.2087912087912088,29.682258256439106,111.3177417435609,0.21051246990382344,0.14753081356238376,0.2812672045879874
ORD,EGE,ORD-EGE,72,15,57,0.20833333333333334,25.682258256439106,96.3177417435609,0.2105103135773697,0.1431853517519569,0.2868179022368206
EAU,ORD,EAU-ORD,53,11,42,0.20754716981132076,21.682258256439106,81.3177417435609,0.21050736171300102,0.13777131194231043,0.29388132261711075
ATL,SRQ,ATL-SRQ,191,40,151,0.2094240837696335,50.682258256439106,190.3177417435609,0.21029982679020376,0.1613145530285821,0.2638375464672139
DFW,JAX,DFW-JAX,115,24,91,0.20869565217391303,34.682258256439106,130.3177417435609,0.21019550458447941,0.151684566773746,0.2753568688373149
ORD,JAX,ORD-JAX,115,24,91,0.20869565217391303,34.682258256439106,130.3177417435609,0.21019550458447941,0.151684566773746,0.2753568688373149
ORF,ORD,ORF-ORD,96,20,76,0.20833333333333334,30.682258256439106,115.3177417435609,0.21015245381122674,0.148224838251494,0.2795964482122454
ORD,MSN,ORD-MSN,234,49,185,0.2094017094017094,59.682258256439106,224.3177417435609,0.21014879667760247,0.164846093420878,0.2593169155196583
DFW,GPT,DFW-GPT,82,17,65,0.2073170731707317,27.682258256439106,104.3177417435609,0.20971407770029626,0.14489320429484107,0.282860398051779
MSY,DEN,MSY-DEN,206,43,163,0.2087378640776699,53.682258256439106,202.3177417435609,0.20969632131421526,0.16214859724781733,0.2615387615445276
ABY,ATL,ABY-ATL,63,13,50,0.20634920634920634,23.682258256439106,89.3177417435609,0.20957750669415137,0.1399860026519366,0.2888974827443056
ELP,ORD,ELP-ORD,63,13,50,0.20634920634920634,23.682258256439106,89.3177417435609,0.20957750669415137,0.1399860026519366,0.2888974827443056
DFW,LAX,DFW-LAX,545,114,431,0.20917431192660552,124.6822582564391,470.3177417435609,0.20955001387636824,0.1778216762032907,0.2431274866804083
ECP,STL,ECP-STL,1,0,1,0,10.682258256439104,40.317741743560894,0.209456044243904,0.11046818919001632,0.32997786560109266
OAK,STL,OAK-STL,1,0,1,0,10.682258256439104,40.317741743560894,0.209456044243904,0.11046818919001632,0.32997786560109266
PNS,STL,PNS-STL,1,0,1,0,10.682258256439104,40.317741743560894,0.209456044243904,0.11046818919001632,0.32997786560109266
STL,ECP,STL-ECP,1,0,1,0,10.682258256439104,40.317741743560894,0.209456044243904,0.11046818919001632,0.32997786560109266
DFW,ACT,DFW-ACT,87,18,69,0.20689655172413793,28.682258256439106,108.3177417435609,0.20935954931707376,0.14568808982777975,0.28106261447532876
ORD,SJU,ORD-SJU,111,23,88,0.2072072072072072,33.682258256439106,127.3177417435609,0.2092065730213609,0.1501437410909121,0.27510814339007617
MTJ,ATL,MTJ-ATL,25,5,20,0.2,15.682258256439104,59.317741743560894,0.2090967767525214,0.12548214230854568,0.307385140279133
AVL,DFW,AVL-DFW,49,10,39,0.20408163265306123,20.682258256439106,78.3177417435609,0.20891169955999098,0.13511148384565347,0.29383985439886884
SAV,ATL,SAV-ATL,188,39,149,0.2074468085106383,49.682258256439106,188.3177417435609,0.20874898427075256,0.15962575602589457,0.2625066489349863
ANC,ORD,ANC-ORD,6,1,5,0.16666666666666666,11.682258256439104,44.317741743560894,0.2086117545792697,0.11370405967808513,0.3231922024046815
BUF,DFW,BUF-DFW,6,1,5,0.16666666666666666,11.682258256439104,44.317741743560894,0.2086117545792697,0.11370405967808513,0.3231922024046815
DFW,ANC,DFW-ANC,6,1,5,0.16666666666666666,11.682258256439104,44.317741743560894,0.2086117545792697,0.11370405967808513,0.3231922024046815
ORD,ANC,ORD-ANC,6,1,5,0.16666666666666666,11.682258256439104,44.317741743560894,0.2086117545792697,0.11370405967808513,0.3231922024046815
SBP,DFW,SBP-DFW,6,1,5,0.16666666666666666,11.682258256439104,44.317741743560894,0.2086117545792697,0.11370405967808513,0.3231922024046815
ATL,PSP,ATL-PSP,30,6,24,0.2,16.682258256439106,63.317741743560894,0.20852822820548883,0.12738156465158648,0.3034596988713558
DFW,ATW,DFW-ATW,30,6,24,0.2,16.682258256439106,63.317741743560894,0.20852822820548883,0.12738156465158648,0.3034596988713558
DFW,SGU,DFW-SGU,30,6,24,0.2,16.682258256439106,63.317741743560894,0.20852822820548883,0.12738156465158648,0.3034596988713558
OGG,DEN,OGG-DEN,30,6,24,0.2,16.682258256439106,63.317741743560894,0.20852822820548883,0.12738156465158648,0.3034596988713558
DFW,MCI,DFW-MCI,174,36,138,0.20689655172413793,46.682258256439106,177.3177417435609,0.20840293864481743,0.15788914999537743,0.2638465227256268
DCA,DFW,DCA-DFW,275,57,218,0.20727272727272728,67.6822582564391,257.3177417435609,0.2082531023275049,0.16592757527617727,0.25397861436197977
ORD,TPA,ORD-TPA,275,57,218,0.20727272727272728,67.6822582564391,257.3177417435609,0.2082531023275049,0.16592757527617727,0.25397861436197977
DFW,MGM,DFW-MGM,83,17,66,0.20481927710843373,27.682258256439106,105.3177417435609,0.2081372801236023,0.14375593265621106,0.2808262552672999
ORD,DFW,ORD-DFW,477,99,378,0.20754716981132076,109.6822582564391,417.3177417435609,0.2081257272418199,0.17457285669250355,0.24377651758212726
CAE,DFW,CAE-DFW,59,12,47,0.2033898305084746,22.682258256439106,86.3177417435609,0.20809411244439546,0.13757428608279848,0.28875033451748355
DFW,GRI,DFW-GRI,59,12,47,0.2033898305084746,22.682258256439106,86.3177417435609,0.20809411244439546,0.13757428608279848,0.28875033451748355
DFW,PIA,DFW-PIA,59,12,47,0.2033898305084746,22.682258256439106,86.3177417435609,0.20809411244439546,0.13757428608279848,0.28875033451748355
GGG,DFW,GGG-DFW,59,12,47,0.2033898305084746,22.682258256439106,86.3177417435609,0.20809411244439546,0.13757428608279848,0.28875033451748355
RIW,DEN,RIW-DEN,59,12,47,0.2033898305084746,22.682258256439106,86.3177417435609,0.20809411244439546,0.13757428608279848,0.28875033451748355
ATL,OKC,ATL-OKC,136,28,108,0.20588235294117646,38.682258256439106,147.3177417435609,0.20796913041096293,0.15289459616009707,0.2689888685390962
DFW,MLU,DFW-MLU,88,18,70,0.20454545454545456,28.682258256439106,109.3177417435609,0.2078424511336167,0.1445869086608513,0.27911292517224884
TYR,DFW,TYR-DFW,88,18,70,0.20454545454545456,28.682258256439106,109.3177417435609,0.2078424511336167,0.1445869086608513,0.27911292517224884
STL,MSP,STL-MSP,141,29,112,0.20567375886524822,39.682258256439106,151.3177417435609,0.20776051443161836,0.153389223419089,0.2679255878961767
ATL,ICT,ATL-ICT,64,13,51,0.203125,23.682258256439106,90.3177417435609,0.20773910751262373,0.1386998166382605,0.28648240933560376
DFW,RNO,DFW-RNO,93,19,74,0.20430107526881722,29.682258256439106,113.3177417435609,0.20756823955551823,0.14538020245000982,0.27749842053140916
ORD,PBI,ORD-PBI,146,30,116,0.2054794520547945,40.682258256439106,155.3177417435609,0.2075625421246893,0.15386774100195236,0.2669072207018164
ATL,ILM,ATL-ILM,16,3,13,0.1875,13.682258256439104,52.317741743560894,0.20730694327938037,0.11920552023313344,0.31218089585902875
CHA,ATL,CHA-ATL,127,26,101,0.2047244094488189,36.682258256439106,140.3177417435609,0.20724439692903449,0.15096269853807218,0.2697888786859549
ORD,ATL,ORD-ATL,407,84,323,0.20638820638820637,94.6822582564391,362.3177417435609,0.20718218436857572,0.17131020169141595,0.24548117641868805
HPN,ATL,HPN-ATL,103,21,82,0.20388349514563106,31.682258256439106,121.3177417435609,0.20707358337541898,0.1468647240781035,0.27453113417241026
DFW,LIT,DFW-LIT,219,45,174,0.2054794520547945,55.682258256439106,213.3177417435609,0.20699724258899296,0.1608040722562241,0.2573155897611664
VPS,ATL,VPS-ATL,137,28,109,0.20437956204379562,38.682258256439106,148.3177417435609,0.20685699602373853,0.15204686215489635,0.26760302280041004
RSW,DFW,RSW-DFW,108,22,86,0.2037037037037037,32.682258256439106,125.3177417435609,0.20684973580024751,0.1475607567511283,0.2731635263127108
DEN,SDF,DEN-SDF,79,16,63,0.20253164556962025,26.682258256439106,102.3177417435609,0.20683921129022562,0.14172728378484778,0.28055409545547516
EGE,ATL,EGE-ATL,50,10,40,0.2,20.682258256439106,79.3177417435609,0.20682258256439107,0.13369208051424974,0.2910485655111039
ATL,JAC,ATL-JAC,21,4,17,0.19047619047619047,14.682258256439104,56.317741743560894,0.20679236980900145,0.121573016295465,0.30763256735827726
AEX,DFW,AEX-DFW,84,17,67,0.20238095238095238,27.682258256439106,106.3177417435609,0.2065840168390978,0.14263640776063896,0.2788210356030655
STL,MKE,STL-MKE,55,11,44,0.2,21.682258256439106,83.3177417435609,0.20649769768037243,0.13501777540407464,0.2885570121485743
TYS,ORD,TYS-ORD,118,24,94,0.2033898305084746,34.682258256439106,133.3177417435609,0.20644201343118515,0.14887067350570865,0.2706294590170433
DFW,GSP,DFW-GSP,89,18,71,0.20224719101123595,28.682258256439106,110.3177417435609,0.20634718170100075,0.14350227934312448,0.277189987085087
DFW,LAW,DFW-LAW,89,18,71,0.20224719101123595,28.682258256439106,110.3177417435609,0.20634718170100075,0.14350227934312448,0.277189987085087
ORD,CHO,ORD-CHO,60,12,48,0.2,22.682258256439106,87.3177417435609,0.20620234778581006,0.1362634940059626,0.2862503571565095
DEN,EWR,DEN-EWR,254,52,202,0.2047244094488189,62.682258256439106,241.3177417435609,0.20619163900144444,0.16267720150802087,0.2533664959609646
DEN,MCO,DEN-MCO,400,82,318,0.205,92.6822582564391,357.3177417435609,0.205960573903198,0.1699082437264737,0.2444879307836505
ATL,HNL,ATL-HNL,31,6,25,0.1935483870967742,16.682258256439106,64.3177417435609,0.2059538056350507,0.1257207287648776,0.29992130204941236
DAY,DEN,DAY-DEN,31,6,25,0.1935483870967742,16.682258256439106,64.3177417435609,0.2059538056350507,0.1257207287648776,0.29992130204941236
DEN,ATW,DEN-ATW,31,6,25,0.1935483870967742,16.682258256439106,64.3177417435609,0.2059538056350507,0.1257207287648776,0.29992130204941236
MDT,DFW,MDT-DFW,31,6,25,0.1935483870967742,16.682258256439106,64.3177417435609,0.2059538056350507,0.1257207287648776,0.29992130204941236
MLI,DEN,MLI-DEN,31,6,25,0.1935483870967742,16.682258256439106,64.3177417435609,0.2059538056350507,0.1257207287648776,0.29992130204941236
OGG,DFW,OGG-DFW,31,6,25,0.1935483870967742,16.682258256439106,64.3177417435609,0.2059538056350507,0.1257207287648776,0.29992130204941236
DFW,TYS,DFW-TYS,104,21,83,0.20192307692307693,31.682258256439106,122.3177417435609,0.20572894971713704,0.1458724466383019,0.27282006421571436
ATL,ABQ,ATL-ABQ,70,14,56,0.2,24.682258256439106,95.3177417435609,0.2056854854703259,0.13854538917679013,0.2821093827647252
DFW,SRQ,DFW-SRQ,36,7,29,0.19444444444444445,17.682258256439106,68.3177417435609,0.20560765414464077,0.12755257644584256,0.29661498536112496
DFW,RSW,DFW-RSW,109,22,87,0.2018348623853211,32.682258256439106,126.3177417435609,0.20554879406565474,0.146595750054332,0.27151338452128293
ORD,SAN,ORD-SAN,187,38,149,0.20320855614973263,48.682258256439106,188.3177417435609,0.20541037239003843,0.15652341592790922,0.2590045542890389
ATL,MDW,ATL-MDW,265,54,211,0.2037735849056604,64.6822582564391,250.3177417435609,0.20534050240139395,0.16262991938348306,0.25159394068111474
SHV,DFW,SHV-DFW,163,33,130,0.20245398773006135,43.682258256439106,169.3177417435609,0.20508102467811787,0.15370761039129283,0.2616976301230096
DFW,ROW,DFW-ROW,85,17,68,0.2,27.682258256439106,107.3177417435609,0.2050537648625119,0.14153421661383794,0.27684412963348104
BTR,ATL,BTR-ATL,46,9,37,0.1956521739130435,19.682258256439106,76.3177417435609,0.205023523504574,0.13082868639823278,0.2908461188365501
DFW,BTR,DFW-BTR,134,27,107,0.20149253731343283,37.682258256439106,146.3177417435609,0.2047948818284734,0.14980667890955324,0.2658580273496405
ORD,BNA,ORD-BNA,349,71,278,0.2034383954154728,81.6822582564391,317.3177417435609,0.20471743923919575,0.1666166841572377,0.24562128517467274
ATL,ORD,ATL-ORD,408,83,325,0.2034313725490196,93.6822582564391,364.3177417435609,0.20454641540707227,0.16889869240452637,0.24263762604826955
CLT,DEN,CLT-DEN,242,49,193,0.2024793388429752,59.682258256439106,232.3177417435609,0.20439129539876405,0.16019769142597132,0.25241900674777995
DEN,SBA,DEN-SBA,61,12,49,0.19672131147540983,22.682258256439106,88.3177417435609,0.20434466897692888,0.13497749158256797,0.28379309083898896
DEN,SBP,DEN-SBP,61,12,49,0.19672131147540983,22.682258256439106,88.3177417435609,0.20434466897692888,0.13497749158256797,0.28379309083898896
STL,DCA,STL-DCA,154,31,123,0.2012987012987013,41.682258256439106,162.3177417435609,0.2043247953747015,0.15198201888346866,0.26215596043271094
ATL,DAB,ATL-DAB,110,22,88,0.2,32.682258256439106,127.3177417435609,0.20426411410274442,0.14564330462722042,0.2698829861270783
DFW,RAP,DFW-RAP,66,13,53,0.19696969696969696,23.682258256439106,92.3177417435609,0.20415739876240607,0.13619720105010102,0.28177084883621306
DFW,BHM,DFW-BHM,164,33,131,0.20121951219512196,43.682258256439106,170.3177417435609,0.20412270213289302,0.1529648397590709,0.26051618660780773
ATL,LEX,ATL-LEX,130,26,104,0.2,36.682258256439106,143.3177417435609,0.20379032364688393,0.14835301110842541,0.26545856773294485
ATL,TLH,ATL-TLH,81,16,65,0.19753086419753085,26.682258256439106,104.3177417435609,0.20368136073617638,0.13946900598295867,0.27645635819608927
DFW,MHK,DFW-MHK,81,16,65,0.19753086419753085,26.682258256439106,104.3177417435609,0.20368136073617638,0.13946900598295867,0.27645635819608927
MHK,DFW,MHK-DFW,81,16,65,0.19753086419753085,26.682258256439106,104.3177417435609,0.20368136073617638,0.13946900598295867,0.27645635819608927
PIT,STL,PIT-STL,27,5,22,0.18518518518518517,15.682258256439104,61.317741743560894,0.20366569164206627,0.1220364658796034,0.2998532691167912
DEN,SAN,DEN-SAN,420,85,335,0.20238095238095238,95.6822582564391,374.3177417435609,0.20357927288604064,0.1684403802937369,0.24110706610856691
DEN,IAD,DEN-IAD,253,51,202,0.2015810276679842,61.682258256439106,241.3177417435609,0.20357180942719177,0.16022124557094986,0.2506275640489689
MDW,ATL,MDW-ATL,263,53,210,0.20152091254752852,63.682258256439106,249.3177417435609,0.2034576941100291,0.16078170404492542,0.24972191737222582
CVG,DEN,CVG-DEN,101,20,81,0.19801980198019803,30.682258256439106,120.3177417435609,0.2031937632876762,0.1431173412042344,0.27071177981120753
OKC,DFW,OKC-DFW,234,47,187,0.20085470085470086,57.682258256439106,226.3177417435609,0.20310654315647572,0.15844455223510634,0.25172770726230587
ORD,FSD,ORD-FSD,106,21,85,0.19811320754716982,31.682258256439106,124.3177417435609,0.20309139907973786,0.14392764873202676,0.2694608874931743
DFW,XNA,DFW-XNA,264,53,211,0.20075757575757575,63.682258256439106,250.3177417435609,0.20280973967018823,0.16025531240515214,0.2489487797276715
PHL,DEN,PHL-DEN,195,39,156,0.2,49.682258256439106,195.3177417435609,0.20278472757730248,0.1549200550293776,0.2552434917298022
DFW,TXK,DFW-TXK,57,11,46,0.19298245614035087,21.682258256439106,85.3177417435609,0.20263792763027202,0.1323723530382128,0.28342126324442973
GRI,DFW,GRI-DFW,57,11,46,0.19298245614035087,21.682258256439106,85.3177417435609,0.20263792763027202,0.1323723530382128,0.28342126324442973
HSV,DEN,HSV-DEN,62,12,50,0.1935483870967742,22.682258256439106,89.3177417435609,0.2025201630039206,0.13371558076493462,0.28137745646857837
ORD,PVD,ORD-PVD,62,12,50,0.1935483870967742,22.682258256439106,89.3177417435609,0.2025201630039206,0.13371558076493462,0.28137745646857837
TYS,ATL,TYS-ATL,62,12,50,0.1935483870967742,22.682258256439106,89.3177417435609,0.2025201630039206,0.13371558076493462,0.28137745646857837
ATL,ALB,ATL-ALB,77,15,62,0.19480519480519481,25.682258256439106,101.3177417435609,0.20222250595621344,0.13729888436064946,0.2760215130037347
SMF,ATL,SMF-ATL,77,15,62,0.19480519480519481,25.682258256439106,101.3177417435609,0.20222250595621344,0.13729888436064946,0.2760215130037347
DFW,FSD,DFW-FSD,87,17,70,0.19540229885057472,27.682258256439106,109.3177417435609,0.20206027924408107,0.1393802468140007,0.27297290499329463
ONT,DEN,ONT-DEN,206,41,165,0.19902912621359223,51.682258256439106,204.3177417435609,0.20188382131421526,0.1550907367499844,0.25308698170270605
DEN,CVG,DEN-CVG,102,20,82,0.19607843137254902,30.682258256439106,121.3177417435609,0.20185696221341518,0.14213786255552527,0.26900192194445816
DFW,BOS,DFW-BOS,276,55,221,0.19927536231884058,65.6822582564391,260.3177417435609,0.2014793198050279,0.15979307880502835,0.2466337012619506
PBI,ORD,PBI-ORD,147,29,118,0.19727891156462585,39.682258256439106,157.3177417435609,0.20143278302760967,0.14855242453822293,0.26005188638007826
DFW,STL,DFW-STL,167,33,134,0.19760479041916168,43.682258256439106,173.3177417435609,0.2013007292923461,0.15077904863816688,0.2570348189018775
ATL,FAT,ATL-FAT,18,3,15,0.16666666666666666,13.682258256439104,54.317741743560894,0.20120968024175154,0.11548748096598994,0.3035486485350811
DFW,LGA,DFW-LGA,520,104,416,0.2,114.6822582564391,455.3177417435609,0.20119694430954227,0.1693309941884541,0.23504858349711333
ORD,OGG,ORD-OGG,23,4,19,0.17391304347826086,14.682258256439104,58.317741743560894,0.20112682543067265,0.11804805621707842,0.2996907583958136
ATL,HDN,ATL-HDN,28,5,23,0.17857142857142858,15.682258256439104,62.317741743560894,0.20105459303127057,0.12038377004967592,0.2962232352249039
SEA,STL,SEA-STL,33,6,27,0.18181818181818182,16.682258256439106,66.3177417435609,0.20099106333059163,0.12252593334724783,0.2930850015760763
ORD,LSE,ORD-LSE,38,7,31,0.18421052631578946,17.682258256439106,70.3177417435609,0.20093475291408075,0.12450006156987382,0.2902275085873923
PWM,ORD,PWM-ORD,38,7,31,0.18421052631578946,17.682258256439106,70.3177417435609,0.20093475291408075,0.12450006156987382,0.2902275085873923
IAD,DEN,IAD-DEN,252,50,202,0.1984126984126984,60.682258256439106,241.3177417435609,0.20093462998820896,0.1577529743463743,0.2478667585155726
ATL,BTR,ATL-BTR,48,9,39,0.1875,19.682258256439106,78.3177417435609,0.20083936996366433,0.1280248153194778,0.285205413673267
ORD,CMH,ORD-CMH,292,58,234,0.19863013698630136,68.6822582564391,273.3177417435609,0.2008253165392956,0.16013563860598196,0.24482816681766573
MCW,ORD,MCW-ORD,53,10,43,0.18867924528301888,20.682258256439106,82.3177417435609,0.20079862384892336,0.1296076673719408,0.28298252912434396
STL,CMH,STL-CMH,53,10,43,0.18867924528301888,20.682258256439106,82.3177417435609,0.20079862384892336,0.1296076673719408,0.28298252912434396
BUR,DFW,BUR-DFW,58,11,47,0.1896551724137931,21.682258256439106,86.3177417435609,0.20076165052258432,0.13108821024350667,0.2809210145530079
DFW,GGG,DFW-GGG,58,11,47,0.1896551724137931,21.682258256439106,86.3177417435609,0.20076165052258432,0.13108821024350667,0.2809210145530079
STL,AUS,STL-AUS,58,11,47,0.1896551724137931,21.682258256439106,86.3177417435609,0.20076165052258432,0.13108821024350667,0.2809210145530079
DEN,LAX,DEN-LAX,636,127,509,0.19968553459119498,137.6822582564391,548.3177417435609,0.20070300037381794,0.17159681808917535,0.23146187662162265
DEN,GUC,DEN-GUC,93,18,75,0.1935483870967742,28.682258256439106,114.3177417435609,0.20057523256251122,0.13932202119372103,0.2697550799725936
OKC,ORD,OKC-ORD,148,29,119,0.19594594594594594,39.682258256439106,158.3177417435609,0.20041544573959144,0.1477758382672346,0.2587842366170454
DCA,STL,DCA-STL,153,30,123,0.19607843137254902,40.682258256439106,162.3177417435609,0.20040521308590692,0.1483778773473867,0.2580208916101594
DEN,PSP,DEN-PSP,198,39,159,0.19696969696969696,49.682258256439106,198.3177417435609,0.20033168651789962,0.15298731866657547,0.25225197902591434
PBI,ATL,PBI-ATL,294,58,236,0.19727891156462585,68.6822582564391,275.3177417435609,0.19965772748964855,0.15917993872836478,0.24344226817880443
SAN,ORD,SAN-ORD,189,37,152,0.19576719576719576,47.682258256439106,191.3177417435609,0.19950735672150252,0.15141518176608793,0.252360721394293
ORD,TUS,ORD-TUS,114,22,92,0.19298245614035087,32.682258256439106,131.3177417435609,0.19928206253926284,0.14195434643623325,0.26355193443858294
DFW,PBI,DFW-PBI,99,19,80,0.1919191919191919,29.682258256439106,119.3177417435609,0.19920978695596714,0.13928941388345803,0.26677243750652335
PDX,ATL,PDX-ATL,79,15,64,0.189873417721519,25.682258256439106,103.3177417435609,0.1990872733057295,0.135077855875484,0.2719262308621532
CMI,DFW,CMI-DFW,59,11,48,0.1864406779661017,21.682258256439106,87.3177417435609,0.19891980051778996,0.12982878775332385,0.27846428925375355
HNL,ORD,HNL-ORD,39,7,32,0.1794871794871795,17.682258256439106,71.3177417435609,0.19867705906111355,0.12302804778275621,0.2871352814746616
ATL,SAV,ATL-SAV,190,37,153,0.19473684210526315,47.682258256439106,192.3177417435609,0.19867607606849627,0.15076430536283858,0.25134229569230604
RDU,STL,RDU-STL,34,6,28,0.17647058823529413,16.682258256439106,67.3177417435609,0.19859831257665603,0.12098877701418301,0.2897817478846839
STL,RDU,STL-RDU,34,6,28,0.17647058823529413,16.682258256439106,67.3177417435609,0.19859831257665603,0.12098877701418301,0.2897817478846839
GRB,ATL,GRB-ATL,29,5,24,0.1724137931034483,15.682258256439104,63.317741743560894,0.19850959818277347,0.11877532613972373,0.29267952630433747
ORD,PNS,ORD-PNS,29,5,24,0.1724137931034483,15.682258256439104,63.317741743560894,0.19850959818277347,0.11877532613972373,0.29267952630433747
IAH,ATL,IAH-ATL,296,58,238,0.19594594594594594,68.6822582564391,277.3177417435609,0.19850363657930375,0.158235592680732,0.24207193848903907
ORD,CLE,ORD-CLE,256,50,206,0.1953125,60.682258256439106,245.3177417435609,0.19830803351777485,0.15563309344779594,0.244716892204344
DFW,IAD,DFW-IAD,125,24,101,0.192,34.682258256439106,140.3177417435609,0.19818433289393775,0.14269469603153714,0.26020374497937715
DFW,LFT,DFW-LFT,125,24,101,0.192,34.682258256439106,140.3177417435609,0.19818433289393775,0.14269469603153714,0.26020374497937715
DTW,ATL,DTW-ATL,342,67,275,0.195906432748538,77.6822582564391,314.3177417435609,0.19816902616438545,0.16025814078178982,0.23899623580760865
DEN,RSW,DEN-RSW,115,22,93,0.19130434782608696,32.682258256439106,132.3177417435609,0.1980742924632673,0.1410611684930103,0.2620151533880858
ORD,FCA,ORD-FCA,9,1,8,0.1111111111111111,11.682258256439104,47.317741743560894,0.19800437722778141,0.10755016246372921,0.30780709106975324
ORD,MTJ,ORD-MTJ,9,1,8,0.1111111111111111,11.682258256439104,47.317741743560894,0.19800437722778141,0.10755016246372921,0.30780709106975324
KOA,ORD,KOA-ORD,4,0,4,0,10.682258256439104,43.317741743560894,0.1978195973414649,0.10391774398983929,0.31286885546839216
ORD,KOA,ORD-KOA,4,0,4,0,10.682258256439104,43.317741743560894,0.1978195973414649,0.10391774398983929,0.31286885546839216
STT,DFW,STT-DFW,4,0,4,0,10.682258256439104,43.317741743560894,0.1978195973414649,0.10391774398983929,0.31286885546839216
DFW,SBN,DFW-SBN,90,17,73,0.18888888888888888,27.682258256439106,112.3177417435609,0.19773041611742218,0.13626967754415484,0.267364126544381
DFW,MOB,DFW-MOB,80,15,65,0.1875,25.682258256439106,104.3177417435609,0.19755583274183927,0.13399411752790324,0.26992364160177873
STL,PHL,STL-PHL,80,15,65,0.1875,25.682258256439106,104.3177417435609,0.19755583274183927,0.13399411752790324,0.26992364160177873
ORD,OKC,ORD-OKC,146,28,118,0.1917808219178082,38.682258256439106,157.3177417435609,0.19735846049203626,0.14482078771922952,0.2557426400490379
DFW,LEX,DFW-LEX,70,13,57,0.18571428571428572,23.682258256439106,96.3177417435609,0.19735215213699256,0.1314539244121442,0.27279589873608523
DFW,LRD,DFW-LRD,141,27,114,0.19148936170212766,37.682258256439106,153.3177417435609,0.19728931024313667,0.14412186130128793,0.2564575835715548
ELP,ATL,ELP-ATL,55,10,45,0.18181818181818182,20.682258256439106,84.3177417435609,0.19697388815656292,0.12702084968352165,0.27784788698358986
SBN,ORD,SBN-ORD,182,35,147,0.19230769230769232,45.682258256439106,186.3177417435609,0.19690628558809958,0.14841074503238946,0.25034895831694515
SJT,DFW,SJT-DFW,86,16,70,0.18604651162790697,26.682258256439106,109.3177417435609,0.19619307541499342,0.13412660900624962,0.2667152818869244
TUL,DEN,TUL-DEN,188,36,152,0.19148936170212766,46.682258256439106,191.3177417435609,0.19614394225394582,0.14830772728140668,0.24881473742589477
ORD,EWR,ORD-EWR,499,97,402,0.19438877755511022,107.6822582564391,441.3177417435609,0.19614254691518962,0.1640308914156835,0.23035067220157934
BTV,ATL,BTV-ATL,30,5,25,0.16666666666666666,15.682258256439104,64.3177417435609,0.1960282282054888,0.1172093767695327,0.289219120596788
DEN,LEX,DEN-LEX,30,5,25,0.16666666666666666,15.682258256439104,64.3177417435609,0.1960282282054888,0.1172093767695327,0.289219120596788
DEN,OGG,DEN-OGG,30,5,25,0.16666666666666666,15.682258256439104,64.3177417435609,0.1960282282054888,0.1172093767695327,0.289219120596788
LGB,STL,LGB-STL,30,5,25,0.16666666666666666,15.682258256439104,64.3177417435609,0.1960282282054888,0.1172093767695327,0.289219120596788
BWI,ORD,BWI-ORD,173,33,140,0.1907514450867052,43.682258256439106,179.3177417435609,0.19588456617237268,0.14658992205983298,0.2503431999177166
TPA,DEN,TPA-DEN,265,51,214,0.19245283018867926,61.682258256439106,253.3177417435609,0.19581669287758446,0.15395022502969602,0.24134033772207153
GEG,DFW,GEG-DFW,25,4,21,0.16,14.682258256439104,60.317741743560894,0.19576344341918805,0.11472212830723323,0.29214625071628386
RSW,DEN,RSW-DEN,117,22,95,0.18803418803418803,32.682258256439106,134.3177417435609,0.19570214524813836,0.13930816460019982,0.25899455991033993
MKE,DEN,MKE-DEN,158,30,128,0.189873417721519,40.682258256439106,167.3177417435609,0.19558778007903416,0.144690770883579,0.2520263468126219
BTV,ORD,BTV-ORD,66,12,54,0.18181818181818182,22.682258256439106,93.3177417435609,0.19553670910723367,0.12889577846694714,0.27211087940378964
RIC,ATL,RIC-ATL,199,38,161,0.19095477386934673,48.682258256439106,200.3177417435609,0.19551107733509682,0.14874744103386348,0.24690542680659155
ORD,STT,ORD-STT,20,3,17,0.15,13.682258256439104,56.317741743560894,0.19546083223484434,0.11199479679815823,0.29537796728099497
RNO,DEN,RNO-DEN,194,37,157,0.19072164948453607,47.682258256439106,196.3177417435609,0.19541909121491435,0.14821588669664043,0.24734927682381114
DEN,PHX,DEN-PHX,798,155,643,0.19423558897243107,165.6822582564391,682.3177417435609,0.1953800215288197,0.16940312505708005,0.22271768827004834
ORD,CLT,ORD-CLT,363,70,293,0.1928374655647383,80.6822582564391,332.3177417435609,0.1953565575216443,0.15860085392212264,0.23490609799486017
DFW,BIS,DFW-BIS,61,11,50,0.18032786885245902,21.682258256439106,89.3177417435609,0.19533565996791988,0.12738129711330937,0.2736769648213935
SUN,DEN,SUN-DEN,61,11,50,0.18032786885245902,21.682258256439106,89.3177417435609,0.19533565996791988,0.12738129711330937,0.2736769648213935
MFE,DFW,MFE-DFW,225,43,182,0.19111111111111112,53.682258256439106,221.3177417435609,0.19520821184159676,0.15061682223059636,0.24399685990527575
LBL,DEN,LBL-DEN,51,9,42,0.17647058823529413,19.682258256439106,81.3177417435609,0.19487384412315947,0.12403772195276636,0.27714108132870496
STL,IAH,STL-IAH,51,9,42,0.17647058823529413,19.682258256439106,81.3177417435609,0.19487384412315947,0.12403772195276636,0.27714108132870496
CVG,ORD,CVG-ORD,164,31,133,0.18902439024390244,41.682258256439106,172.3177417435609,0.19477690774036965,0.1446442124000481,0.25031019149742795
SAF,DFW,SAF-DFW,118,22,96,0.1864406779661017,32.682258256439106,135.3177417435609,0.19453725152642326,0.13844792540491788,0.25751014475627887
ATL,MCI,ATL-MCI,221,42,179,0.19004524886877827,52.682258256439106,218.3177417435609,0.1943994769610299,0.14957793915701084,0.24349147539511873
ATL,JAN,ATL-JAN,185,35,150,0.1891891891891892,45.682258256439106,189.3177417435609,0.19439258832527279,0.14645629315104242,0.24725330373000254
DFW,DTW,DFW-DTW,319,61,258,0.19122257053291536,71.6822582564391,297.3177417435609,0.1942608624835748,0.15556352505491347,0.2360962989786145
DFW,MYR,DFW-MYR,5,0,5,0,10.682258256439104,44.317741743560894,0.19422287738980187,0.10190388797480145,0.30755042124230436
ECP,ORD,ECP-ORD,5,0,5,0,10.682258256439104,44.317741743560894,0.19422287738980187,0.10190388797480145,0.30755042124230436
GEG,ORD,GEG-ORD,5,0,5,0,10.682258256439104,44.317741743560894,0.19422287738980187,0.10190388797480145,0.30755042124230436
MYR,DFW,MYR-DFW,5,0,5,0,10.682258256439104,44.317741743560894,0.19422287738980187,0.10190388797480145,0.30755042124230436
ORD,ECP,ORD-ECP,5,0,5,0,10.682258256439104,44.317741743560894,0.19422287738980187,0.10190388797480145,0.30755042124230436
SJC,STL,SJC-STL,5,0,5,0,10.682258256439104,44.317741743560894,0.19422287738980187,0.10190388797480145,0.30755042124230436
DFW,CHS,DFW-CHS,72,13,59,0.18055555555555555,23.682258256439106,98.3177417435609,0.1941168709544189,0.12920426401535265,0.2685185905937928
SRQ,DFW,SRQ-DFW,36,6,30,0.16666666666666666,16.682258256439106,69.3177417435609,0.19397974716789657,0.11802754558456299,0.283392524562891
EGE,DEN,EGE-DEN,165,31,134,0.18787878787878787,41.682258256439106,173.3177417435609,0.1938709686346005,0.14394926943748348,0.24918406541431692
SAN,DFW,SAN-DFW,227,43,184,0.1894273127753304,53.682258256439106,223.3177417435609,0.19379876626873324,0.14949778101958877,0.24228594870915798
LEX,ATL,LEX-ATL,129,24,105,0.18604651162790697,34.682258256439106,144.3177417435609,0.1937556327175369,0.13939064432198112,0.2545979651579281
DEN,DAY,DEN-DAY,31,5,26,0.16129032258064516,15.682258256439104,65.3177417435609,0.193608126622705,0.11568425659027803,0.2858391345733129
RNO,ORD,RNO-ORD,31,5,26,0.16129032258064516,15.682258256439104,65.3177417435609,0.193608126622705,0.11568425659027803,0.2858391345733129
EUG,DEN,EUG-DEN,62,11,51,0.1774193548387097,21.682258256439106,90.3177417435609,0.19359159157534916,0.12619189156693897,0.27134423681876707
MSN,DEN,MSN-DEN,62,11,51,0.1774193548387097,21.682258256439106,90.3177417435609,0.19359159157534916,0.12619189156693897,0.27134423681876707
ORD,ELP,ORD-ELP,62,11,51,0.1774193548387097,21.682258256439106,90.3177417435609,0.19359159157534916,0.12619189156693897,0.27134423681876707
GUC,DEN,GUC-DEN,93,17,76,0.1827956989247312,27.682258256439106,115.3177417435609,0.19358222556950425,0.13329513230573006,0.26198036411261083
TPA,ORD,TPA-ORD,279,53,226,0.18996415770609318,63.682258256439106,265.3177417435609,0.19356309500437419,0.1527541682363822,0.23789952949609816
ORD,GRR,ORD-GRR,243,46,197,0.18930041152263374,56.682258256439106,236.3177417435609,0.19345480633596965,0.15034868272738386,0.24052306414453561
MLU,DFW,MLU-DFW,88,16,72,0.18181818181818182,26.682258256439106,111.3177417435609,0.1933496975104283,0.13210270192336562,0.2630076757671648
STL,SFO,STL-SFO,57,10,47,0.17543859649122806,20.682258256439106,86.3177417435609,0.19329213323774866,0.12453544541478147,0.2728954307931778
PDX,DFW,PDX-DFW,171,32,139,0.1871345029239766,42.682258256439106,178.3177417435609,0.19313239030062943,0.1439326277043785,0.24758988477353094
DFW,SGF,DFW-SGF,228,43,185,0.18859649122807018,53.682258256439106,224.3177417435609,0.1931016484044572,0.1489444808954144,0.24143943859411665
DFW,SNA,DFW-SNA,223,42,181,0.18834080717488788,52.682258256439106,220.3177417435609,0.1929753049686414,0.14845018421811,0.2417593299326094
FOD,ORD,FOD-ORD,52,9,43,0.17307692307692307,19.682258256439106,82.3177417435609,0.1929633162395991,0.12276340554201695,0.2745529000151469
ATL,AUS,ATL-AUS,306,58,248,0.1895424836601307,68.6822582564391,287.3177417435609,0.1929276917315705,0.15367728387395432,0.23544491363429
DEN,BOS,DEN-BOS,275,52,223,0.1890909090909091,62.682258256439106,262.3177417435609,0.19286848694288955,0.15188430327328026,0.23743165738362204
DFW,CID,DFW-CID,78,14,64,0.1794871794871795,24.682258256439106,103.3177417435609,0.1928301426284305,0.1295157485565112,0.2652272063768124
LCH,DFW,LCH-DFW,78,14,64,0.1794871794871795,24.682258256439106,103.3177417435609,0.1928301426284305,0.1295157485565112,0.2652272063768124
SAT,DFW,SAT-DFW,348,66,282,0.1896551724137931,76.6822582564391,321.3177417435609,0.19266899059406808,0.15547404408554275,0.23278857775456552
JAX,ATL,JAX-ATL,317,60,257,0.1892744479495268,70.6822582564391,296.3177417435609,0.1925947091456106,0.15393786006861593,0.23442392103257614
ATL,AVL,ATL-AVL,73,13,60,0.1780821917808219,23.682258256439106,99.3177417435609,0.19253868501170004,0.12810811085128032,0.266429643429717
BHM,DEN,BHM-DEN,89,16,73,0.1797752808988764,26.682258256439106,112.3177417435609,0.19195869249236766,0.13111351757804704,0.2611921193090506
DFW,SJT,DFW-SJT,89,16,73,0.1797752808988764,26.682258256439106,112.3177417435609,0.19195869249236766,0.13111351757804704,0.2611921193090506
GSP,DFW,GSP-DFW,89,16,73,0.1797752808988764,26.682258256439106,112.3177417435609,0.19195869249236766,0.13111351757804704,0.2611921193090506
FLL,DFW,FLL-DFW,209,39,170,0.18660287081339713,49.682258256439106,209.3177417435609,0.19182339095150233,0.14629567171651994,0.24185691675350895
ORD,DSM,ORD-DSM,157,29,128,0.18471337579617833,39.682258256439106,167.3177417435609,0.1917017307074353,0.14113601014076238,0.24790665075527574
SWO,DFW,SWO-DFW,58,10,48,0.1724137931034483,20.682258256439106,87.3177417435609,0.19150239126332505,0.12332892441266895,0.27048453485116764
TXK,DFW,TXK-DFW,58,10,48,0.1724137931034483,20.682258256439106,87.3177417435609,0.19150239126332505,0.12332892441266895,0.27048453485116764
BHM,ORD,BHM-ORD,6,0,6,0,10.682258256439104,45.317741743560894,0.19075461172212685,0.09996674934547639,0.30240847908472945
ORD,BHM,ORD-BHM,6,0,6,0,10.682258256439104,45.317741743560894,0.19075461172212685,0.09996674934547639,0.30240847908472945
ORD,FAT,ORD-FAT,6,0,6,0,10.682258256439104,45.317741743560894,0.19075461172212685,0.09996674934547639,0.30240847908472945
DFW,TYR,DFW-TYR,90,16,74,0.17777777777777778,26.682258256439106,113.3177417435609,0.19058755897456503,0.13013905994417835,0.25940136695355076
MDW,DEN,MDW-DEN,216,40,176,0.18518518518518517,50.682258256439106,215.3177417435609,0.190534805475335,0.14570714173124727,0.23976806404607487
DFW,CVG,DFW-CVG,127,23,104,0.18110236220472442,33.682258256439106,143.3177417435609,0.19029524438666162,0.13608155421859644,0.25113318553153563
OMA,DEN,OMA-DEN,248,46,202,0.18548387096774194,56.682258256439106,241.3177417435609,0.19020892032362116,0.1477562773890517,0.2365984160288669
MSP,ATL,MSP-ATL,285,53,232,0.18596491228070175,63.682258256439106,271.3177417435609,0.1900962933028033,0.14994694332187117,0.23374912034925976
ORD,IAD,ORD-IAD,122,22,100,0.18032786885245902,32.682258256439106,139.3177417435609,0.19001312939790177,0.13511079932931241,0.25173830777936557
MOB,DFW,MOB-DFW,80,14,66,0.175,24.682258256439106,105.3177417435609,0.18986352504953158,0.12743958319129833,0.2613165282013782
STL,FLL,STL-FLL,80,14,66,0.175,24.682258256439106,105.3177417435609,0.18986352504953158,0.12743958319129833,0.2613165282013782
MSP,STL,MSP-STL,138,25,113,0.18115942028985507,35.682258256439106,152.3177417435609,0.18979924604488885,0.13714415778677114,0.24870123807301636
ATL,CHS,ATL-CHS,196,36,160,0.1836734693877551,46.682258256439106,199.3177417435609,0.1897652774651996,0.14333789905570155,0.24096805258231224
SPS,DFW,SPS-DFW,59,10,49,0.1694915254237288,20.682258256439106,88.3177417435609,0.18974548859118445,0.12214559516704651,0.26811568267004326
DEN,XNA,DEN-XNA,96,17,79,0.17708333333333334,27.682258256439106,118.3177417435609,0.1896045086057473,0.13044786526242674,0.25680839836128544
PVD,ATL,PVD-ATL,75,13,62,0.17333333333333334,23.682258256439106,101.3177417435609,0.18945806605151286,0.12597075821881387,0.26234738827345805
DFW,AGS,DFW-AGS,17,2,15,0.11764705882352941,12.682258256439104,54.317741743560894,0.1892874366632702,0.10554209580182894,0.290563933858482
ILM,ATL,ILM-ATL,17,2,15,0.11764705882352941,12.682258256439104,54.317741743560894,0.1892874366632702,0.10554209580182894,0.290563933858482
STL,CLE,STL-CLE,54,9,45,0.16666666666666666,19.682258256439106,84.3177417435609,0.1892524832349914,0.12029186996144532,0.26951826969578685
BOS,STL,BOS-STL,91,16,75,0.17582417582417584,26.682258256439106,114.3177417435609,0.1892358741591426,0.12917900204580807,0.2576349159586929
DFW,CMH,DFW-CMH,128,23,105,0.1796875,33.682258256439106,144.3177417435609,0.18922616997999497,0.1352897427596576,0.24977232310132746
ATL,PIT,ATL-PIT,202,37,165,0.18316831683168316,47.682258256439106,204.3177417435609,0.189215310541425,0.1433693771682183,0.23973124579903937
DFW,CRP,DFW-CRP,202,37,165,0.18316831683168316,47.682258256439106,204.3177417435609,0.189215310541425,0.1433693771682183,0.23973124579903937
MCI,DEN,MCI-DEN,276,51,225,0.18478260869565216,61.682258256439106,264.3177417435609,0.1892093811547212,0.14861857581728585,0.23341063098301407
BOI,ATL,BOI-ATL,33,5,28,0.15151515151515152,15.682258256439104,67.3177417435609,0.1889428705595073,0.11275026726771341,0.27930953271277326
ORD,AVP,ORD-AVP,33,5,28,0.15151515151515152,15.682258256439104,67.3177417435609,0.1889428705595073,0.11275026726771341,0.27930953271277326
MCI,DFW,MCI-DFW,176,32,144,0.18181818181818182,42.682258256439106,183.3177417435609,0.18885954980725267,0.1406474680889042,0.2422845109348969
CLL,DFW,CLL-DFW,86,15,71,0.1744186046511628,25.682258256439106,110.3177417435609,0.18884013423852283,0.12784063913366447,0.25849913005929714
DFW,CLL,DFW-CLL,86,15,71,0.1744186046511628,25.682258256439106,110.3177417435609,0.18884013423852283,0.12784063913366447,0.25849913005929714
STL,RSW,STL-RSW,86,15,71,0.1744186046511628,25.682258256439106,110.3177417435609,0.18884013423852283,0.12784063913366447,0.25849913005929714
CVG,ATL,CVG-ATL,192,35,157,0.18229166666666666,45.682258256439106,196.3177417435609,0.18876966221669053,0.14209037635322458,0.2403187726514452
DFW,AVL,DFW-AVL,49,8,41,0.16326530612244897,18.682258256439106,80.3177417435609,0.18870967935797076,0.11830293985994345,0.27101227774365266
ATL,HPN,ATL-HPN,102,18,84,0.17647058823529413,28.682258256439106,123.3177417435609,0.18869906747657306,0.1307533779209393,0.25439710723535225
DFW,DAY,DFW-DAY,102,18,84,0.17647058823529413,28.682258256439106,123.3177417435609,0.18869906747657306,0.1307533779209393,0.25439710723535225
MSP,DFW,MSP-DFW,261,48,213,0.1839080459770115,58.682258256439106,252.3177417435609,0.18868893330044728,0.14722991074215624,0.2339387884472497
ORD,SRQ,ORD-SRQ,81,14,67,0.1728395061728395,24.682258256439106,106.3177417435609,0.1884141851636573,0.12642630131606392,0.25940395925475634
DFW,RDU,DFW-RDU,150,27,123,0.18,37.682258256439106,162.3177417435609,0.18841129128219553,0.1374181165687226,0.24530300981387698
ATL,MLB,ATL-MLB,97,17,80,0.17525773195876287,27.682258256439106,119.3177417435609,0.18831468201659254,0.129525656076299,0.25512933833347917
CID,ATL,CID-ATL,28,4,24,0.14285714285714285,14.682258256439104,63.317741743560894,0.18823408021075774,0.1100709784873087,0.2815119993827405
DFW,IDA,DFW-IDA,28,4,24,0.14285714285714285,14.682258256439104,63.317741743560894,0.18823408021075774,0.1100709784873087,0.2815119993827405
DFW,MLI,DFW-MLI,60,10,50,0.16666666666666666,20.682258256439106,89.3177417435609,0.18802052960399188,0.1209847942141434,0.2657877894184075
MTJ,DFW,MTJ-DFW,60,10,50,0.16666666666666666,20.682258256439106,89.3177417435609,0.18802052960399188,0.1209847942141434,0.2657877894184075
SLC,ORD,SLC-ORD,241,44,197,0.1825726141078838,54.682258256439106,236.3177417435609,0.18791154040013439,0.1452031692137969,0.23468125760950465
ORD,HPN,ORD-HPN,92,16,76,0.17391304347826086,26.682258256439106,115.3177417435609,0.18790322715802188,0.12823302653225316,0.2558922770112151
MCO,STL,MCO-STL,183,33,150,0.18032786885245902,43.682258256439106,189.3177417435609,0.18747750324651977,0.14010306732165365,0.23993070134811645
EVV,DFW,EVV-DFW,55,9,46,0.16363636363636364,19.682258256439106,85.3177417435609,0.1874500786327534,0.11909310882844677,0.26706927024825167
STL,OMA,STL-OMA,55,9,46,0.16363636363636364,19.682258256439106,85.3177417435609,0.1874500786327534,0.11909310882844677,0.26706927024825167
DEN,ACV,DEN-ACV,23,3,20,0.13043478260869565,13.682258256439104,59.317741743560894,0.18742819529368634,0.10713536058682809,0.28391008168652054
ORD,OMA,ORD-OMA,194,35,159,0.18041237113402062,45.682258256439106,198.3177417435609,0.18722236990343896,0.1408904375742702,0.23840818417389587
CLT,STL,CLT-STL,157,28,129,0.17834394904458598,38.682258256439106,168.3177417435609,0.18687081283303916,0.13687164238556443,0.2425972866001993
ORD,STL,ORD-STL,141,25,116,0.1773049645390071,35.682258256439106,155.3177417435609,0.18681810605465501,0.13491635340572036,0.2449276162967282
GEG,ATL,GEG-ATL,34,5,29,0.14705882352941177,15.682258256439104,68.3177417435609,0.18669355067189408,0.1113384761988933,0.27615477385575593
JFK,ORD,JFK-ORD,168,30,138,0.17857142857142858,40.682258256439106,177.3177417435609,0.18661586356164728,0.1378409502749051,0.24083369220600803
STL,BOS,STL-BOS,93,16,77,0.17204301075268819,26.682258256439106,116.3177417435609,0.18658921857649724,0.12730082532586837,0.2541729737837807
ORD,PIT,ORD-PIT,238,43,195,0.18067226890756302,53.682258256439106,234.3177417435609,0.18639673005708024,0.1436289548263023,0.23328801215866324
ORD,MSY,ORD-MSY,120,21,99,0.175,31.682258256439106,138.3177417435609,0.1863662250378771,0.13164399703680327,0.2480724192611934
CLT,ATL,CLT-ATL,367,67,300,0.18256130790190736,77.6822582564391,339.3177417435609,0.1862883891041705,0.15042824783311332,0.22499782362685294
ATL,RIC,ATL-RIC,201,36,165,0.1791044776119403,46.682258256439106,204.3177417435609,0.18598509265513588,0.1403976334837199,0.23630976087753508
AVL,ATL,AVL-ATL,72,12,60,0.16666666666666666,22.682258256439106,99.3177417435609,0.18592014964294348,0.12228510215117637,0.25929730140359586
PNS,ORD,PNS-ORD,29,4,25,0.13793103448275862,14.682258256439104,64.3177417435609,0.1858513703346722,0.10860342768675692,0.2781363215303919
STL,SAT,STL-SAT,29,4,25,0.13793103448275862,14.682258256439104,64.3177417435609,0.1858513703346722,0.10860342768675692,0.2781363215303919
ATL,BHM,ATL-BHM,212,38,174,0.1792452830188679,48.682258256439106,213.3177417435609,0.18581014601694315,0.141151822296141,0.23500941831819466
DFW,ATL,DFW-ATL,492,90,402,0.18292682926829268,100.6822582564391,441.3177417435609,0.18576062408937102,0.15417360201159344,0.21954366237488332
CAE,ORD,CAE-ORD,56,9,47,0.16071428571428573,19.682258256439106,86.3177417435609,0.18568168166451987,0.11791804180735764,0.26466418965824157
SNA,DFW,SNA-DFW,223,40,183,0.17937219730941703,50.682258256439106,222.3177417435609,0.18564929764263408,0.14186462452908227,0.23379427151225407
ORD,MCO,ORD-MCO,417,76,341,0.18225419664268586,86.6822582564391,380.3177417435609,0.18561511403948416,0.15169851150960048,0.22208148807635109
DFW,EWR,DFW-EWR,294,53,241,0.18027210884353742,63.682258256439106,280.3177417435609,0.18512284376871832,0.14592458289227273,0.22778761188515362
SAT,DEN,SAT-DEN,224,40,184,0.17857142857142858,50.682258256439106,223.3177417435609,0.1849717454614566,0.1413321950338172,0.23296503347854758
DEN,ICT,DEN-ICT,143,25,118,0.17482517482517482,35.682258256439106,157.3177417435609,0.18488216713180883,0.1334709824450339,0.24247467863859296
BNA,ATL,BNA-ATL,273,49,224,0.1794871794871795,59.682258256439106,263.3177417435609,0.18477479336358857,0.14441988908594658,0.22882555615661493
CID,ORD,CID-ORD,203,36,167,0.17733990147783252,46.682258256439106,206.3177417435609,0.18451485476853402,0.13925506822416725,0.23449637206250495
OMA,ATL,OMA-ATL,138,24,114,0.17391304347826086,34.682258256439106,153.3177417435609,0.18448009710871865,0.13248897584076597,0.24282488079117504
DEN,CLT,DEN-CLT,241,43,198,0.17842323651452283,53.682258256439106,237.3177417435609,0.18447511428329588,0.1421075808242444,0.23094861640893616
ORD,BWI,ORD-BWI,176,31,145,0.17613636363636365,41.682258256439106,184.3177417435609,0.18443477104619074,0.1367240301529484,0.23743231723546943
DFW,CHA,DFW-CHA,111,19,92,0.17117117117117117,29.682258256439106,131.3177417435609,0.1843618525244665,0.12852252314058407,0.24762213295602442
ORD,DEN,ORD-DEN,464,84,380,0.1810344827586207,94.6822582564391,419.3177417435609,0.1842067281253679,0.1519189714874131,0.2188215331980018
BNA,ORD,BNA-ORD,350,63,287,0.18,73.6822582564391,326.3177417435609,0.18420564564109776,0.14780090435347748,0.2236004227949817
DFW,AEX,DFW-AEX,84,14,70,0.16666666666666666,24.682258256439106,109.3177417435609,0.18419595713760525,0.12348102210882832,0.25383003957428185
DEN,DAL,DEN-DAL,247,44,203,0.17813765182186234,54.682258256439106,242.3177417435609,0.18411534766477813,0.14219009715757644,0.2300682351376444
DFW,FLL,DFW-FLL,209,37,172,0.17703349282296652,47.682258256439106,211.3177417435609,0.18410138322949463,0.13938175183670332,0.23343945265782273
BTR,DFW,BTR-DFW,133,23,110,0.17293233082706766,33.682258256439106,149.3177417435609,0.18405605604611533,0.13146517599443944,0.24318279428794942
ORD,IND,ORD-IND,345,62,283,0.17971014492753623,72.6822582564391,322.3177417435609,0.18400571710490912,0.1473989483687284,0.22364227058760655
ECP,DFW,ECP-DFW,57,9,48,0.15789473684210525,19.682258256439106,87.3177417435609,0.1839463388452253,0.11676597213281688,0.2623018627642386
PWM,ATL,PWM-ATL,30,4,26,0.13333333333333333,14.682258256439104,65.3177417435609,0.1835282282054888,0.10717455884887929,0.2748402303197317
SAT,STL,SAT-STL,30,4,26,0.13333333333333333,14.682258256439104,65.3177417435609,0.1835282282054888,0.10717455884887929,0.2748402303197317
SUN,ORD,SUN-ORD,30,4,26,0.13333333333333333,14.682258256439104,65.3177417435609,0.1835282282054888,0.10717455884887929,0.2748402303197317
YUM,DFW,YUM-DFW,30,4,26,0.13333333333333333,14.682258256439104,65.3177417435609,0.1835282282054888,0.10717455884887929,0.2748402303197317
MSP,ORD,MSP-ORD,461,83,378,0.18004338394793926,93.6822582564391,417.3177417435609,0.18333122946465577,0.15101786067592365,0.21799178582073087
BFL,DEN,BFL-DEN,63,10,53,0.15873015873015872,20.682258256439106,92.3177417435609,0.1830288341277797,0.11763129616000552,0.25903955755780683
BDL,ATL,BDL-ATL,167,29,138,0.17365269461077845,39.682258256439106,177.3177417435609,0.1828675495688438,0.13442579499945764,0.23684249089666787
PHX,ATL,PHX-ATL,260,46,214,0.17692307692307693,56.682258256439106,253.3177417435609,0.18284599437561003,0.14188515050219244,0.22768112606972912
FSM,DFW,FSM-DFW,85,14,71,0.16470588235294117,24.682258256439106,110.3177417435609,0.18283154264028967,0.12252956631757063,0.2520247356838461
RSW,STL,RSW-STL,85,14,71,0.16470588235294117,24.682258256439106,110.3177417435609,0.18283154264028967,0.12252956631757063,0.2520247356838461
BWI,DEN,BWI-DEN,200,35,165,0.175,45.682258256439106,204.3177417435609,0.1827290330257564,0.13740935835957693,0.2328540434720916
MSP,DEN,MSP-DEN,419,75,344,0.17899761336515513,85.6822582564391,383.3177417435609,0.18269138220989148,0.1490716671517105,0.21887357759090054
RDU,ATL,RDU-ATL,337,60,277,0.17804154302670624,70.6822582564391,316.3177417435609,0.182641494202685,0.14579388886160244,0.22259482068010206
LGA,DEN,LGA-DEN,370,66,304,0.1783783783783784,76.6822582564391,343.3177417435609,0.18257680537247403,0.1471449759343286,0.22087100099239476
ATL,PNS,ATL-PNS,140,24,116,0.17142857142857143,34.682258256439106,155.3177417435609,0.1825382013496795,0.13104719490089142,0.24035460023067723
DFW,SWO,DFW-SWO,58,9,49,0.15517241379310345,19.682258256439106,88.3177417435609,0.1822431320040658,0.11563623014035197,0.2599811650224846
SNA,ORD,SNA-ORD,179,31,148,0.17318435754189945,41.682258256439106,187.3177417435609,0.1820185950062843,0.13487784258805965,0.2344167713779397
DFW,SJC,DFW-SJC,108,18,90,0.16666666666666666,28.682258256439106,129.3177417435609,0.18153328010404496,0.12560420369136896,0.24509155034360675
DFW,BPT,DFW-BPT,53,8,45,0.1509433962264151,18.682258256439106,84.3177417435609,0.18138114812076803,0.11349759801959451,0.26096673322568653
BOI,DEN,BOI-DEN,246,43,203,0.17479674796747968,53.682258256439106,242.3177417435609,0.18135898059607805,0.13964241509496875,0.2271519675189403
DEN,RIC,DEN-RIC,42,6,36,0.14285714285714285,16.682258256439106,75.3177417435609,0.18132889409172942,0.10995535911075431,0.265803105096021
ORD,MQT,ORD-MQT,31,4,27,0.12903225806451613,14.682258256439104,66.3177417435609,0.1812624476103593,0.10578285991835959,0.2716209606769072
BUR,STL,BUR-STL,9,0,9,0,10.682258256439104,48.317741743560894,0.18105522468540855,0.09457409461143715,0.2879585936273835
LIT,DEN,LIT-DEN,114,19,95,0.16666666666666666,29.682258256439106,134.3177417435609,0.18098937961243358,0.12608629590373316,0.24325531224771224
BMI,DFW,BMI-DFW,59,9,50,0.15254237288135594,19.682258256439106,89.3177417435609,0.18057117666457895,0.11452817195910407,0.2577010107644324
BUR,DEN,BUR-DEN,170,29,141,0.17058823529411765,39.682258256439106,180.3177417435609,0.1803739011656323,0.13253555236923328,0.23371281852380055
ATL,MSN,ATL-MSN,76,12,64,0.15789473684210525,22.682258256439106,103.3177417435609,0.18001792267015163,0.11824276462986609,0.251402605836349
ORD,FLL,ORD-FLL,276,48,228,0.17391304347826086,58.682258256439106,267.3177417435609,0.18000692716699113,0.14028214699160071,0.22344884272501164
ATL,IND,ATL-IND,232,40,192,0.1724137931034483,50.682258256439106,231.3177417435609,0.1797243200582947,0.13721259404080924,0.22653663214384756
CLE,STL,CLE-STL,54,8,46,0.14814814814814814,18.682258256439106,85.3177417435609,0.17963709861960678,0.11235673566954293,0.2585701697349162
TUL,STL,TUL-STL,54,8,46,0.14814814814814814,18.682258256439106,85.3177417435609,0.17963709861960678,0.11235673566954293,0.2585701697349162
STL,DEN,STL-DEN,255,44,211,0.17254901960784313,54.682258256439106,250.3177417435609,0.17928609264406264,0.13836215147167943,0.22419190499051367
ORD,SNA,ORD-SNA,177,30,147,0.1694915254237288,40.682258256439106,186.3177417435609,0.17921699672440133,0.13220860028859796,0.23157569391928068
MCO,ORD,MCO-ORD,417,73,344,0.1750599520383693,83.6822582564391,383.3177417435609,0.17919113117010513,0.14577996136190316,0.21520409884413483
ATL,BOI,ATL-BOI,32,4,28,0.125,14.682258256439104,67.3177417435609,0.17905192995657443,0.10442689676963077,0.2684758732525454
SMF,DFW,SMF-DFW,127,21,106,0.16535433070866143,31.682258256439106,145.3177417435609,0.17899580935841303,0.12625723515798162,0.23859941208396607
ATL,SJC,ATL-SJC,60,9,51,0.15,19.682258256439106,90.3177417435609,0.17892962051308278,0.11344117827964131,0.2554603515424042
DFW,MTJ,DFW-MTJ,60,9,51,0.15,19.682258256439106,90.3177417435609,0.17892962051308278,0.11344117827964131,0.2554603515424042
MLI,DFW,MLI-DFW,60,9,51,0.15,19.682258256439106,90.3177417435609,0.17892962051308278,0.11344117827964131,0.2554603515424042
ATL,LIT,ATL-LIT,172,29,143,0.1686046511627907,39.682258256439106,182.3177417435609,0.178748911065041,0.13130468415976768,0.23167181266384007
AUS,ORD,AUS-ORD,200,34,166,0.17,44.682258256439106,205.3177417435609,0.17872903302575643,0.13385134190786013,0.22847247657882652
CHS,ORD,CHS-ORD,77,12,65,0.15584415584415584,22.682258256439106,104.3177417435609,0.17860045871211894,0.11727365410854666,0.24950321937033393
MIA,ORD,MIA-ORD,408,71,337,0.17401960784313725,81.6822582564391,376.3177417435609,0.17834554204462685,0.14469038638504997,0.21466058773402108
ORD,LNK,ORD-LNK,38,5,33,0.13157894736842105,15.682258256439104,72.3177417435609,0.178207480186808,0.10602851561423965,0.2642144444459119
ICT,STL,ICT-STL,55,8,47,0.14545454545454545,18.682258256439106,86.3177417435609,0.17792626910894385,0.11123861371112327,0.2562170500272828
CHS,DFW,CHS-DFW,72,11,61,0.1527777777777778,21.682258256439106,100.3177417435609,0.1777234283314681,0.11541673739329769,0.2500250155688012
DSM,DEN,DSM-DEN,157,26,131,0.16560509554140126,36.682258256439106,170.3177417435609,0.17720897708424688,0.1283836753046087,0.23193771839693833
SEA,ATL,SEA-ATL,208,35,173,0.16826923076923078,45.682258256439106,212.3177417435609,0.177063016497826,0.13302725825560938,0.22583812590782126
GRK,DFW,GRK-DFW,146,24,122,0.1643835616438356,34.682258256439106,161.3177417435609,0.17695029722673014,0.1269043989638807,0.23323564997233348
SNA,DEN,SNA-DEN,276,47,229,0.17028985507246377,57.682258256439106,268.3177417435609,0.17693944250441443,0.13751224239449078,0.22011933355198565
ORD,CVG,ORD-CVG,163,27,136,0.1656441717791411,37.682258256439106,175.3177417435609,0.17691201059361084,0.12876783822722426,0.2307987166388834
HYS,DEN,HYS-DEN,50,7,43,0.14,17.682258256439106,82.3177417435609,0.17682258256439107,0.10887185186868971,0.2569969842133315
ATL,SLC,ATL-SLC,243,41,202,0.16872427983539096,51.682258256439106,241.3177417435609,0.1763899599195874,0.13498142211863953,0.22198070109984758
DFW,JFK,DFW-JFK,141,23,118,0.16312056737588654,33.682258256439106,157.3177417435609,0.17634690186617333,0.12577670234810964,0.23333166353574064
STL,DTW,STL-DTW,124,20,104,0.16129032258064516,30.682258256439106,143.3177417435609,0.17633481756574199,0.12354113880677144,0.23616942344913971
ORD,SMF,ORD-SMF,73,11,62,0.1506849315068493,21.682258256439106,101.3177417435609,0.17627852241007402,0.11443971000145146,0.24807526707314553
ATL,OGG,ATL-OGG,22,2,20,0.09090909090909091,12.682258256439104,59.317741743560894,0.17614247578387643,0.09781584112158483,0.2714691381460853
DFW,HOU,DFW-HOU,164,27,137,0.16463414634146342,37.682258256439106,176.3177417435609,0.17608531895532292,0.12814737565558518,0.2297535571408732
STL,HOU,STL-HOU,96,15,81,0.15625,25.682258256439106,120.3177417435609,0.175905878468761,0.11875303824913606,0.24145943650211998
DFW,PHL,DFW-PHL,250,42,208,0.168,52.682258256439106,247.3177417435609,0.1756075275214637,0.1347377373826533,0.22057184048365808
BWI,STL,BWI-STL,68,10,58,0.14705882352941177,20.682258256439106,97.3177417435609,0.1752733750545687,0.11243756106921113,0.24852044831290132
BDL,DEN,BDL-DEN,91,14,77,0.15384615384615385,24.682258256439106,116.3177417435609,0.17505147699602203,0.11711552262087115,0.24170848568839265
SFO,DEN,SFO-DEN,475,81,394,0.1705263157894737,91.6822582564391,433.3177417435609,0.17463287286940782,0.1433908703591358,0.20822215840014335
ATL,MDT,ATL-MDT,57,8,49,0.14035087719298245,18.682258256439106,88.3177417435609,0.17460054445270193,0.10906792050938695,0.251636521770219
STL,EWR,STL-EWR,80,12,68,0.15,22.682258256439106,107.3177417435609,0.1744789096649162,0.11445947190701572,0.2439728906377494
DAL,ATL,DAL-ATL,252,42,210,0.16666666666666666,52.682258256439106,249.3177417435609,0.1744445637630434,0.13382219255490493,0.2191489023380434
OMA,DFW,OMA-DFW,103,16,87,0.1553398058252427,26.682258256439106,126.3177417435609,0.17439384481332748,0.11867462038848238,0.23816709433365835
OAK,DEN,OAK-DEN,126,20,106,0.15873015873015872,30.682258256439106,145.3177417435609,0.17433101282067673,0.12208928424292385,0.23357664644709752
ELP,DFW,ELP-DFW,235,39,196,0.16595744680851063,49.682258256439106,235.3177417435609,0.1743237131804881,0.13259026076075991,0.2203840788571756
DEN,HNL,DEN-HNL,40,5,35,0.125,15.682258256439104,74.3177417435609,0.1742473139604345,0.10355931313189333,0.25862164271972776
DAL,STL,DAL-STL,155,25,130,0.16129032258064516,35.682258256439106,169.3177417435609,0.1740597963728737,0.12541053275322975,0.2287279924027943
RNO,DFW,RNO-DFW,92,14,78,0.15217391304347827,24.682258256439106,117.3177417435609,0.17381872011576835,0.1162594168641116,0.240070413575327
STL,MIA,STL-MIA,92,14,78,0.15217391304347827,24.682258256439106,117.3177417435609,0.17381872011576835,0.1162594168641116,0.240070413575327
ORD,PSP,ORD-PSP,69,10,59,0.14492753623188406,20.682258256439106,98.3177417435609,0.17380048954990845,0.11145344197149631,0.24651796390773595
ACV,DEN,ACV-DEN,23,2,21,0.08695652173913043,12.682258256439104,60.317741743560894,0.17372956515670004,0.0964045778451966,0.26794591585731764
OGG,ORD,OGG-ORD,23,2,21,0.08695652173913043,12.682258256439104,60.317741743560894,0.17372956515670004,0.0964045778451966,0.26794591585731764
MDW,STL,MDW-STL,121,19,102,0.15702479338842976,29.682258256439106,141.3177417435609,0.17358045763999477,0.12074615122090526,0.23363979155454906
RDU,ORD,RDU-ORD,225,37,188,0.16444444444444445,47.682258256439106,227.3177417435609,0.17339003002341494,0.131051171615392,0.22022586910196118
LAX,STL,LAX-STL,52,7,45,0.1346153846153846,17.682258256439106,84.3177417435609,0.17335547310234417,0.10664131357102827,0.252181651531434
CVG,DFW,CVG-DFW,127,20,107,0.15748031496062992,30.682258256439106,146.3177417435609,0.17334609184428873,0.12137609406428489,0.23230143455626318
CRP,DFW,CRP-DFW,202,33,169,0.16336633663366337,43.682258256439106,208.3177417435609,0.17334229466840914,0.1292386253809913,0.22235382262957115
SMF,DEN,SMF-DEN,283,47,236,0.16607773851590105,57.682258256439106,275.3177417435609,0.1732199947640814,0.13455017207702613,0.21560586343810717
SGU,DFW,SGU-DFW,29,3,26,0.10344827586206896,13.682258256439104,65.3177417435609,0.17319314248657094,0.09858229690464493,0.26344117759918917
GCK,DFW,GCK-DFW,58,8,50,0.13793103448275862,18.682258256439106,89.3177417435609,0.17298387274480653,0.10801407883566373,0.24940690405972477
DSM,ATL,DSM-ATL,87,13,74,0.14942528735632185,23.682258256439106,113.3177417435609,0.17286319895211025,0.11450982601056608,0.2402520254676409
ORD,GSP,ORD-GSP,87,13,74,0.14942528735632185,23.682258256439106,113.3177417435609,0.17286319895211025,0.11450982601056608,0.2402520254676409
ATL,BDL,ATL-BDL,168,27,141,0.16071428571428573,37.682258256439106,180.3177417435609,0.17285439567173902,0.12572425366980264,0.22566568405376874
DFW,AMA,DFW-AMA,174,28,146,0.16091954022988506,38.682258256439106,185.3177417435609,0.17268865293053173,0.12617060342369857,0.22473858451235373
LAX,DFW,LAX-DFW,539,91,448,0.16883116883116883,101.6822582564391,487.3177417435609,0.1726354129990477,0.14321700362285558,0.20415894983370397
RSW,ATL,RSW-ATL,267,44,223,0.1647940074906367,54.682258256439106,262.3177417435609,0.17249923740201611,0.13299204905911555,0.2159185224585365
DSM,ORD,DSM-ORD,157,25,132,0.1592356687898089,35.682258256439106,171.3177417435609,0.17237805920985075,0.12416093880948349,0.22658664741619938
AVL,ORD,AVL-ORD,47,6,41,0.1276595744680851,16.682258256439106,80.3177417435609,0.17198204388081553,0.10402762213916461,0.25272467848193314
PHX,DEN,PHX-DEN,803,136,667,0.16936488169364883,146.6822582564391,706.3177417435609,0.1719604434424843,0.14739483911321732,0.19798276556030103
BOS,DEN,BOS-DEN,274,45,229,0.16423357664233576,55.682258256439106,268.3177417435609,0.17185882177913303,0.1328213587314744,0.21473137185821445
ABI,DFW,ABI-DFW,146,23,123,0.15753424657534246,33.682258256439106,162.3177417435609,0.1718482564104036,0.12246508785449203,0.22756903776004256
BNA,STL,BNA-STL,82,12,70,0.14634146341463414,22.682258256439106,109.3177417435609,0.17183528982150836,0.11265729814602102,0.24041979705990812
GPT,DFW,GPT-DFW,82,12,70,0.14634146341463414,22.682258256439106,109.3177417435609,0.17183528982150836,0.11265729814602102,0.24041979705990812
STL,MSY,STL-MSY,53,7,46,0.1320754716981132,17.682258256439106,85.3177417435609,0.17167241025669033,0.10556001705320514,0.24984077093687784
ORD,DCA,ORD-DCA,525,88,437,0.1676190476190476,98.6822582564391,476.3177417435609,0.1716213187068506,0.14193640901439733,0.2034692675180798
PHL,ORD,PHL-ORD,304,50,254,0.16447368421052633,60.682258256439106,293.3177417435609,0.17141880863400877,0.13402502408272024,0.21232752535618626
ORD,MCI,ORD-MCI,246,40,206,0.16260162601626016,50.682258256439106,245.3177417435609,0.17122384546094294,0.13055367613078087,0.2160997721723361
ATL,GSO,ATL-GSO,176,28,148,0.1590909090909091,38.682258256439106,187.3177417435609,0.17116043476300488,0.12502078149507137,0.22280856400235505
STT,ATL,STT-ATL,65,9,56,0.13846153846153847,19.682258256439106,95.3177417435609,0.17115007179512265,0.10830207980437764,0.24481519920717665
DFW,ORD,DFW-ORD,480,80,400,0.16666666666666666,90.6822582564391,439.3177417435609,0.17109860048384737,0.1402712832402313,0.2042762834599322
ATL,GSP,ATL-GSP,217,35,182,0.16129032258064516,45.682258256439106,221.3177417435609,0.17109460021138242,0.12842024338143282,0.21843304983358036
ATL,PWM,ATL-PWM,30,3,27,0.1,13.682258256439104,66.3177417435609,0.1710282282054888,0.09728800245413119,0.2603119211823559
DEN,GSO,DEN-GSO,30,3,27,0.1,13.682258256439104,66.3177417435609,0.1710282282054888,0.09728800245413119,0.2603119211823559
DVL,DEN,DVL-DEN,30,3,27,0.1,13.682258256439104,66.3177417435609,0.1710282282054888,0.09728800245413119,0.2603119211823559
RIC,ORD,RIC-ORD,30,3,27,0.1,13.682258256439104,66.3177417435609,0.1710282282054888,0.09728800245413119,0.2603119211823559
ROA,ATL,ROA-ATL,30,3,27,0.1,13.682258256439104,66.3177417435609,0.1710282282054888,0.09728800245413119,0.2603119211823559
SJC,ORD,SJC-ORD,30,3,27,0.1,13.682258256439104,66.3177417435609,0.1710282282054888,0.09728800245413119,0.2603119211823559
STL,LGB,STL-LGB,30,3,27,0.1,13.682258256439104,66.3177417435609,0.1710282282054888,0.09728800245413119,0.2603119211823559
DFW,LCH,DFW-LCH,77,11,66,0.14285714285714285,21.682258256439106,105.3177417435609,0.17072644296408745,0.11069180236526795,0.24057020992796851
TYS,DEN,TYS-DEN,77,11,66,0.14285714285714285,21.682258256439106,105.3177417435609,0.17072644296408745,0.11069180236526795,0.24057020992796851
STL,ICT,STL-ICT,54,7,47,0.12962962962962962,17.682258256439106,86.3177417435609,0.17002171400422217,0.10450045704977226,0.24754278966503473
LGA,STL,LGA-STL,207,33,174,0.15942028985507245,43.682258256439106,213.3177417435609,0.16996987648419887,0.12665429722775146,0.21814742518316388
ORD,SFO,ORD-SFO,337,55,282,0.1632047477744807,65.6822582564391,321.3177417435609,0.16972159756185815,0.13403212876534637,0.20864298131156012
AMA,DFW,AMA-DFW,178,28,150,0.15730337078651685,38.682258256439106,189.3177417435609,0.1696590274405224,0.12389174949419743,0.22091134104924526
ECP,ATL,ECP-ATL,143,22,121,0.15384615384615385,32.682258256439106,160.3177417435609,0.16933812568103163,0.11993641725909225,0.22522489363802778
ATL,GNV,ATL-GNV,90,13,77,0.14444444444444443,23.682258256439106,116.3177417435609,0.16915898754599362,0.11196358953500844,0.23529601554884205
ANC,DEN,ANC-DEN,31,3,28,0.0967741935483871,13.682258256439104,67.3177417435609,0.16891676859801363,0.09602729989088704,0.2572558066369255
BIH,DEN,BIH-DEN,31,3,28,0.0967741935483871,13.682258256439104,67.3177417435609,0.16891676859801363,0.09602729989088704,0.2572558066369255
JAX,ORD,JAX-ORD,114,17,97,0.14912280701754385,27.682258256439106,136.3177417435609,0.16879425766121406,0.11563115945298064,0.22960034876608681
JFK,DEN,JFK-DEN,114,17,97,0.14912280701754385,27.682258256439106,136.3177417435609,0.16879425766121406,0.11563115945298064,0.22960034876608681
COS,ORD,COS-ORD,37,4,33,0.10810810810810811,14.682258256439104,72.3177417435609,0.16876158915447245,0.09813778317648637,0.2537787475314931
LSE,ORD,LSE-ORD,37,4,33,0.10810810810810811,14.682258256439104,72.3177417435609,0.16876158915447245,0.09813778317648637,0.2537787475314931
MSY,ORD,MSY-ORD,120,18,102,0.15,28.682258256439106,141.3177417435609,0.16871916621434768,0.11643500620328744,0.22837852991441454
LAS,DEN,LAS-DEN,612,101,511,0.1650326797385621,111.6822582564391,550.3177417435609,0.16870431760791404,0.14116721349917793,0.1981369352070822
DFW,ILM,DFW-ILM,49,6,43,0.12244897959183673,16.682258256439106,82.3177417435609,0.16850765915595056,0.10183193941011077,0.24784536091798226
SAN,DEN,SAN-DEN,423,69,354,0.16312056737588654,79.6822582564391,393.3177417435609,0.16846143394596003,0.13612946292948372,0.20344798638873385
DFW,CMI,DFW-CMI,61,8,53,0.13114754098360656,18.682258256439106,92.3177417435609,0.16830863294089285,0.10497145412368264,0.242948172069398
PSC,DEN,PSC-DEN,61,8,53,0.13114754098360656,18.682258256439106,92.3177417435609,0.16830863294089285,0.10497145412368264,0.242948172069398
STL,BWI,STL-BWI,67,9,58,0.13432835820895522,19.682258256439106,97.3177417435609,0.1682244295422146,0.10637465648569219,0.24080065360772862
ORD,CHS,ORD-CHS,79,11,68,0.13924050632911392,21.682258256439106,107.3177417435609,0.168079521367745,0.10890853527249439,0.2369849094483495
DFW,FWA,DFW-FWA,91,13,78,0.14285714285714285,23.682258256439106,117.3177417435609,0.16795927841446173,0.11113985245844615,0.2336890082056614
DFW,MAF,DFW-MAF,222,35,187,0.15765765765765766,45.682258256439106,226.3177417435609,0.1679494788839673,0.12599620415534787,0.21452481403168633
ELP,DEN,ELP-DEN,145,22,123,0.15172413793103448,32.682258256439106,162.3177417435609,0.1676013243919954,0.11866731647639599,0.22298751119287774
STL,CLT,STL-CLT,157,24,133,0.15286624203821655,34.682258256439106,172.3177417435609,0.16754714133545462,0.11995299318332897,0.22122075587894552
DEN,LIH,DEN-LIH,32,3,29,0.09375,13.682258256439104,68.3177417435609,0.16685680800535493,0.0947988963772976,0.2542703121701656
MKE,STL,MKE-STL,56,7,49,0.125,17.682258256439106,88.3177417435609,0.166813757136218,0.1024439730626879,0.24307091221055055
RKS,DEN,RKS-DEN,62,8,54,0.12903225806451613,18.682258256439106,93.3177417435609,0.16680587728963486,0.10399503102291914,0.24086871089643125
ATL,GPT,ATL-GPT,80,11,69,0.1375,21.682258256439106,108.3177417435609,0.1667866019726085,0.10803830200003721,0.23523191633215146
ATL,MYR,ATL-MYR,104,15,89,0.14423076923076922,25.682258256439106,128.3177417435609,0.1667679107560981,0.11236416363693238,0.22935985509227907
MYR,ATL,MYR-ATL,104,15,89,0.14423076923076922,25.682258256439106,128.3177417435609,0.1667679107560981,0.11236416363693238,0.22935985509227907
PDX,ORD,PDX-ORD,110,16,94,0.14545454545454545,26.682258256439106,133.3177417435609,0.16676411410274442,0.11330113485742685,0.22810869828768054
ATL,CAE,ATL-CAE,152,23,129,0.1513157894736842,33.682258256439106,168.3177417435609,0.16674385275464904,0.11871452718697574,0.22101797613246033
HOU,DEN,HOU-DEN,206,32,174,0.1553398058252427,42.682258256439106,213.3177417435609,0.16672757131421526,0.12370918944564646,0.21467469784305915
DEN,SJC,DEN-SJC,243,38,205,0.15637860082304528,48.682258256439106,244.3177417435609,0.16615105206975803,0.12583248229336233,0.21078378753284488
STL,LGA,STL-LGA,207,32,175,0.15458937198067632,42.682258256439106,214.3177417435609,0.16607882590054127,0.12321463104030535,0.2138621265985048
STL,PHX,STL-PHX,183,28,155,0.15300546448087432,38.682258256439106,194.3177417435609,0.16601827577870862,0.12115650300201916,0.2163064132220286
HOU,DFW,HOU-DFW,165,25,140,0.15151515151515152,35.682258256439106,179.3177417435609,0.16596399189041444,0.11940228693589097,0.21840691152691438
ONT,DFW,ONT-DFW,147,22,125,0.14965986394557823,32.682258256439106,164.3177417435609,0.1658997881037518,0.11742482054949181,0.2207940445847475
LGA,ORD,LGA-ORD,902,147,755,0.1629711751662971,157.6822582564391,794.3177417435609,0.16563262421894864,0.14270783796192105,0.18988782437462648
ATL,DSM,ATL-DSM,87,12,75,0.13793103448275862,22.682258256439106,114.3177417435609,0.16556392887911756,0.10839102708792006,0.2319726522945632
EWR,STL,EWR-STL,81,11,70,0.13580246913580246,21.682258256439106,109.3177417435609,0.16551342180487866,0.10718188206763134,0.23350458987582512
DEN,LGB,DEN-LGB,69,9,60,0.13043478260869565,19.682258256439106,99.3177417435609,0.16539712820537064,0.10451471939950353,0.23691523049323926
ORD,DAL,ORD-DAL,69,9,60,0.13043478260869565,19.682258256439106,99.3177417435609,0.16539712820537064,0.10451471939950353,0.23691523049323926
SRQ,ATL,SRQ-ATL,190,29,161,0.15263157894736842,39.682258256439106,200.3177417435609,0.16534274273516295,0.12117726792082388,0.21478705567848688
DFW,GCK,DFW-GCK,57,7,50,0.12280701754385964,17.682258256439106,89.3177417435609,0.16525475006017856,0.10144582526312278,0.24089481151340764
DSM,STL,DSM-STL,57,7,50,0.12280701754385964,17.682258256439106,89.3177417435609,0.16525475006017856,0.10144582526312278,0.24089481151340764
STL,DSM,STL-DSM,57,7,50,0.12280701754385964,17.682258256439106,89.3177417435609,0.16525475006017856,0.10144582526312278,0.24089481151340764
FLL,ORD,FLL-ORD,275,43,232,0.15636363636363637,53.682258256439106,271.3177417435609,0.16517617925058187,0.12687825786281096,0.20737505713659887
ATL,ECP,ATL-ECP,142,21,121,0.14788732394366197,31.682258256439106,160.3177417435609,0.16501176175228702,0.11608044017717427,0.22054679957849266
DFW,HRL,DFW-HRL,124,18,106,0.14516129032258066,28.682258256439106,145.3177417435609,0.16484056469217875,0.11366935068004606,0.22330156929904266
PDX,DEN,PDX-DEN,306,48,258,0.1568627450980392,58.682258256439106,297.3177417435609,0.1648378040911211,0.12818572568855696,0.2050549174669115
ORD,MSP,ORD-MSP,459,73,386,0.15904139433551198,83.6822582564391,425.3177417435609,0.1644052225077389,0.13351757948809592,0.19778989211067444
STL,TPA,STL-TPA,88,12,76,0.13636363636363635,22.682258256439106,115.3177417435609,0.1643641902640515,0.10757630069094724,0.23035375384507162
MCI,ATL,MCI-ATL,222,34,188,0.15315315315315314,44.682258256439106,227.3177417435609,0.164273008295732,0.12273758457528221,0.21048150643986863
STL,BNA,STL-BNA,82,11,71,0.13414634146341464,21.682258256439106,110.3177417435609,0.1642595322457508,0.10633894876937376,0.2318023723781376
DFW,IND,DFW-IND,137,20,117,0.145985401459854,30.682258256439106,156.3177417435609,0.16407624736063692,0.11467763408995477,0.2202738065772648
OKC,ATL,OKC-ATL,137,20,117,0.145985401459854,30.682258256439106,156.3177417435609,0.16407624736063692,0.11467763408995477,0.2202738065772648
MAF,DFW,MAF-DFW,223,34,189,0.15246636771300448,44.682258256439106,228.3177417435609,0.16367127566461212,0.12227614098657366,0.20973069730669958
DFW,DCA,DFW-DCA,278,43,235,0.15467625899280577,53.682258256439106,274.3177417435609,0.16366542151353386,0.12568987730459077,0.20552365712560994
SAT,ORD,SAT-ORD,107,15,92,0.14018691588785046,25.682258256439106,131.3177417435609,0.16358126277986693,0.11014225382823908,0.2251285772945676
DFW,CLT,DFW-CLT,340,53,287,0.15588235294117647,63.682258256439106,326.3177417435609,0.1632878416831772,0.1283321926306418,0.20151289244788217
ORD,HNL,ORD-HNL,40,4,36,0.1,14.682258256439104,75.3177417435609,0.16313620284932337,0.09471569134341495,0.24570535056737586
ABQ,DFW,ABQ-DFW,181,27,154,0.14917127071823205,37.682258256439106,193.3177417435609,0.16312665911878402,0.11844592194289726,0.21332791088423975
TLH,ATL,TLH-ATL,83,11,72,0.13253012048192772,21.682258256439106,111.3177417435609,0.1630244981687151,0.10550918563470954,0.23012472211647605
ORD,PHL,ORD-PHL,304,47,257,0.15460526315789475,57.682258256439106,296.3177417435609,0.16294423236282232,0.12638374969994548,0.20311008548910192
ICT,ORD,ICT-ORD,114,16,98,0.14035087719298245,26.682258256439106,137.3177417435609,0.1626966966856043,0.1104437719022553,0.22273256888781168
DFW,BMI,DFW-BMI,59,7,52,0.11864406779661017,17.682258256439106,91.3177417435609,0.16222255281136794,0.09950683464723109,0.23665706218147387
CMI,ORD,CMI-ORD,53,6,47,0.11320754716981132,16.682258256439106,86.3177417435609,0.16196367239261267,0.09770769700263336,0.23862903968087934
ORD,RDU,ORD-RDU,226,34,192,0.1504424778761062,44.682258256439106,231.3177417435609,0.161892240059562,0.12091241481893282,0.20751001334149033
ORD,LAS,ORD-LAS,388,60,328,0.15463917525773196,70.6822582564391,367.3177417435609,0.16137501885031758,0.12846610934100863,0.1972116990313756
MIA,STL,MIA-STL,91,12,79,0.13186813186813187,22.682258256439106,118.3177417435609,0.16086707983290147,0.10520406733056185,0.2256294938731872
PSP,DFW,PSP-DFW,91,12,79,0.13186813186813187,22.682258256439106,118.3177417435609,0.16086707983290147,0.10520406733056185,0.2256294938731872
AUS,STL,AUS-STL,60,7,53,0.11666666666666667,17.682258256439106,92.3177417435609,0.1607478023312646,0.09856490422957705,0.23459343197156524
DFW,GJT,DFW-GJT,60,7,53,0.11666666666666667,17.682258256439106,92.3177417435609,0.1607478023312646,0.09856490422957705,0.23459343197156524
LAS,DFW,LAS-DFW,471,73,398,0.15498938428874734,83.6822582564391,437.3177417435609,0.1606185379202286,0.13038431805605036,0.19331977062238326
FSD,DFW,FSD-DFW,85,11,74,0.12941176470588237,21.682258256439106,113.3177417435609,0.16060932041806744,0.10388795277968275,0.22684103293392666
DFW,MSP,DFW-MSP,260,39,221,0.15,49.682258256439106,260.3177417435609,0.1602653492143197,0.12163547720226453,0.20304462619045593
SAT,ATL,SAT-ATL,211,31,180,0.14691943127962084,41.682258256439106,219.3177417435609,0.1597021389135598,0.11789937979355497,0.20644084618656222
SEA,DFW,SEA-DFW,387,59,328,0.1524547803617571,69.6822582564391,367.3177417435609,0.15945596855020389,0.12668617801118864,0.19517682128027414
MSN,DFW,MSN-DFW,86,11,75,0.12790697674418605,21.682258256439106,114.3177417435609,0.15942836953264047,0.10309589780212607,0.22523398548789575
ORD,LAX,ORD-LAX,519,80,439,0.15414258188824662,90.6822582564391,478.3177417435609,0.15937127988829367,0.13048388473698147,0.19052593374551852
SBA,DEN,SBA-DEN,61,7,54,0.11475409836065574,17.682258256439106,93.3177417435609,0.15929962393188382,0.09764065946098723,0.2325653667922959
ORD,BOS,ORD-BOS,482,74,408,0.15352697095435686,84.6822582564391,447.3177417435609,0.1591771771737577,0.12936207641651018,0.19141854264592284
CLE,ORD,CLE-ORD,256,38,218,0.1484375,48.682258256439106,257.3177417435609,0.15909234724326504,0.12035559134425024,0.20204718201807648
CLT,ORD,CLT-ORD,363,55,308,0.15151515151515152,65.6822582564391,347.3177417435609,0.15903694493084528,0.12541620359046776,0.19578398908060224
BNA,DEN,BNA-DEN,275,41,234,0.14909090909090908,51.682258256439106,273.3177417435609,0.15902233309673572,0.12137413292036635,0.20064298493582422
SFO,ORD,SFO-ORD,338,51,287,0.15088757396449703,61.682258256439106,326.3177417435609,0.15897489241350285,0.12435080994984433,0.1969272142311963
DFW,EVV,DFW-EVV,55,6,49,0.10909090909090909,16.682258256439106,88.3177417435609,0.15887865006132482,0.09576850701731893,0.234272386397824
IAH,ORD,IAH-ORD,433,66,367,0.15242494226327943,76.6822582564391,406.3177417435609,0.15876243945432525,0.1275769074589764,0.1926235230453155
SMF,ORD,SMF-ORD,74,9,65,0.12162162162162163,19.682258256439106,104.3177417435609,0.1587278891648315,0.10013781779510059,0.22772741676261765
GSP,DEN,GSP-DEN,30,2,28,0.06666666666666667,12.682258256439104,67.3177417435609,0.15852822820548879,0.08756265114594482,0.245620964847997
PSP,ATL,PSP-ATL,30,2,28,0.06666666666666667,12.682258256439104,67.3177417435609,0.15852822820548879,0.08756265114594482,0.245620964847997
STL,SRQ,STL-SRQ,30,2,28,0.06666666666666667,12.682258256439104,67.3177417435609,0.15852822820548879,0.08756265114594482,0.245620964847997
STL,MCO,STL-MCO,189,27,162,0.14285714285714285,37.682258256439106,201.3177417435609,0.1576663525374021,0.11437176674007239,0.20638296421970992
SJC,DFW,SJC-DFW,107,14,93,0.1308411214953271,24.682258256439106,132.3177417435609,0.15721183602827457,0.10477275337668479,0.21791180069144012
LAS,ORD,LAS-ORD,388,58,330,0.14948453608247422,68.6822582564391,369.3177417435609,0.15680880880465548,0.12431844318743164,0.19226633886487965
ATL,MEM,ATL-MEM,235,34,201,0.14468085106382977,44.682258256439106,240.3177417435609,0.15677985353136528,0.11699799006967106,0.201120992446565
JAN,ATL,JAN-ATL,185,26,159,0.14054054054054055,36.682258256439106,198.3177417435609,0.15609471598484725,0.11266211703976665,0.20506675542457753
ATL,SDF,ATL-SDF,198,28,170,0.1414141414141414,38.682258256439106,209.3177417435609,0.1559768478082222,0.11363100461312467,0.20357380344064502
SFO,ATL,SFO-ATL,192,27,165,0.140625,37.682258256439106,204.3177417435609,0.1557118109770211,0.11291535975562188,0.2038935791324472
SAN,ATL,SAN-ATL,167,23,144,0.1377245508982036,33.682258256439106,183.3177417435609,0.15521777998359035,0.11027255194546326,0.20617670335409988
MSY,ATL,MSY-ATL,309,45,264,0.14563106796116504,55.682258256439106,303.3177417435609,0.15510378344412007,0.11958292885491884,0.19426229875645062
LIH,DEN,LIH-DEN,32,2,30,0.0625,12.682258256439104,69.3177417435609,0.1546616860541354,0.08532701739242485,0.239907221988915
HRL,DFW,HRL-DFW,123,16,107,0.13008130081300814,26.682258256439106,146.3177417435609,0.1542327066846191,0.10451383226078603,0.21151420658873232
STL,LAS,STL-LAS,143,19,124,0.13286713286713286,29.682258256439106,163.3177417435609,0.15379408423025442,0.10656418313975687,0.20781240034455617
ORD,SAV,ORD-SAV,78,9,69,0.11538461538461539,19.682258256439106,108.3177417435609,0.1537676426284305,0.09689195310393797,0.22087345862270724
STL,LAX,STL-LAX,52,5,47,0.09615384615384616,15.682258256439104,86.3177417435609,0.15374762996508926,0.0908654755395868,0.2294620765923795
MEM,ATL,MEM-ATL,235,33,202,0.14042553191489363,43.682258256439106,241.3177417435609,0.1532710816015407,0.11390113014834773,0.19724675083143894
BOS,ORD,BOS-ORD,483,71,412,0.14699792960662525,81.6822582564391,451.3177417435609,0.15325001549050488,0.1239594443738091,0.18500433743354128
CHS,ATL,CHS-ATL,196,27,169,0.1377551020408163,37.682258256439106,208.3177417435609,0.15317991161154107,0.11103026683948165,0.20066618087901433
STL,DAL,STL-DAL,157,21,136,0.1337579617834395,31.682258256439106,175.3177417435609,0.1530543877122662,0.1074232219908005,0.2050288087337031
MCI,ORD,MCI-ORD,242,34,208,0.14049586776859505,44.682258256439106,247.3177417435609,0.15302143238506544,0.11412449663883331,0.19641698413285447
AUS,DEN,AUS-DEN,347,50,297,0.1440922190201729,60.682258256439106,336.3177417435609,0.15285203591042595,0.1192026680512608,0.18981248409270357
SAV,ORD,SAV-ORD,79,9,70,0.11392405063291139,19.682258256439106,109.3177417435609,0.15257564539875276,0.09611313431031031,0.21922378167063628
CMH,STL,CMH-STL,53,5,48,0.09433962264150944,15.682258256439104,87.3177417435609,0.15225493452853497,0.0899468526024146,0.22732522439109448
MSY,STL,MSY-STL,53,5,48,0.09433962264150944,15.682258256439104,87.3177417435609,0.15225493452853497,0.0899468526024146,0.22732522439109448
SJC,ATL,SJC-ATL,60,6,54,0.1,16.682258256439106,93.3177417435609,0.1516568932403555,0.09124170814506302,0.2240443538769331
SFO,DFW,SFO-DFW,305,43,262,0.14098360655737704,53.682258256439106,301.3177417435609,0.15121762889137777,0.11591901980555348,0.19023618806369091
PHX,DFW,PHX-DFW,372,53,319,0.1424731182795699,63.682258256439106,358.3177417435609,0.15090582525222537,0.11840382353450936,0.18654027476077428
SNA,ATL,SNA-ATL,74,8,66,0.10810810810810811,18.682258256439106,105.3177417435609,0.15066337303579924,0.093553836411277,0.21842623202637879
HOU,STL,HOU-STL,94,11,83,0.11702127659574468,21.682258256439106,122.3177417435609,0.15057123789193824,0.09716964747303672,0.21315148198912015
IND,ATL,IND-ATL,227,31,196,0.13656387665198239,41.682258256439106,235.3177417435609,0.15047746662974407,0.11091938085675046,0.19481221086926348
FLL,STL,FLL-STL,81,9,72,0.1111111111111111,19.682258256439106,111.3177417435609,0.15024624623235958,0.09459249962188362,0.21599708060047318
DFW,TRI,DFW-TRI,28,1,27,0.03571428571428571,11.682258256439104,66.3177417435609,0.14977254174921928,0.08010852515638268,0.23639398322509353
ATL,VPS,ATL-VPS,135,17,118,0.1259259259259259,27.682258256439106,157.3177417435609,0.14963382841318434,0.10210471098658604,0.20432914389103518
LRD,DFW,LRD-DFW,142,18,124,0.1267605633802817,28.682258256439106,163.3177417435609,0.14938676175228702,0.10269407069696754,0.2029895538484946
STL,OKC,STL-OKC,55,5,50,0.09090909090909091,15.682258256439104,89.3177417435609,0.14935484053751527,0.08816428021664587,0.2231683817270741
STL,TUL,STL-TUL,55,5,50,0.09090909090909091,15.682258256439104,89.3177417435609,0.14935484053751527,0.08816428021664587,0.2231683817270741
ORD,RSW,ORD-RSW,290,40,250,0.13793103448275862,50.682258256439106,289.3177417435609,0.149065465460115,0.11327914561053365,0.18875962960555082
MKE,ATL,MKE-ATL,176,23,153,0.13068181818181818,33.682258256439106,192.3177417435609,0.14903654095769517,0.10576055312704129,0.1981900017631295
MRY,DEN,MRY-DEN,62,6,56,0.0967741935483871,16.682258256439106,95.3177417435609,0.148948734432492,0.08954870812106343,0.22019821124677752
ONT,ATL,ONT-ATL,62,6,56,0.0967741935483871,16.682258256439106,95.3177417435609,0.148948734432492,0.08954870812106343,0.22019821124677752
TUS,ATL,TUS-ATL,69,7,62,0.10144927536231885,17.682258256439106,101.3177417435609,0.14859040551629502,0.0908277305753408,0.21751830154983776
STL,MDW,STL-MDW,117,14,103,0.11965811965811966,24.682258256439106,142.3177417435609,0.14779795363137188,0.09829912130599722,0.2052755632120684
TUL,ATL,TUL-ATL,97,11,86,0.1134020618556701,21.682258256439106,125.3177417435609,0.1474983554859803,0.09511940721076388,0.20894740312764037
ABQ,DEN,ABQ-DEN,226,30,196,0.13274336283185842,40.682258256439106,235.3177417435609,0.14739948643637357,0.10815419946642293,0.19148076727448404
LIT,ATL,LIT-ATL,172,22,150,0.12790697674418605,32.682258256439106,189.3177417435609,0.1472173795335095,0.10383648926638178,0.19661238040699702
OMA,ORD,OMA-ORD,194,25,169,0.12886597938144329,35.682258256439106,208.3177417435609,0.1462387633460619,0.10483905043881622,0.19312598484127663
HOU,ATL,HOU-ATL,209,27,182,0.1291866028708134,37.682258256439106,221.3177417435609,0.145491344619456,0.10531635143783527,0.19084721391385817
GSO,ATL,GSO-ATL,175,22,153,0.12571428571428572,32.682258256439106,192.3177417435609,0.14525448113972936,0.10241449546749441,0.19406131944475757
TUL,ORD,TUL-ORD,121,14,107,0.11570247933884298,24.682258256439106,146.3177417435609,0.14434069155812343,0.09592844486277795,0.20062130255049215
DEN,KOA,DEN-KOA,31,1,30,0.03225806451612903,11.682258256439104,69.3177417435609,0.14422541057332228,0.07700741933202328,0.22802960491336
AUS,DFW,AUS-DFW,364,49,315,0.1346153846153846,59.682258256439106,354.3177417435609,0.144160044097679,0.11203950312589879,0.17953505702834693
CAE,ATL,CAE-ATL,149,18,131,0.12080536912751678,28.682258256439106,170.3177417435609,0.14413195103738244,0.09897801519868783,0.19605254334548927
BDL,ORD,BDL-ORD,156,19,137,0.12179487179487179,29.682258256439106,176.3177417435609,0.1440886323128112,0.09964939123281055,0.19506567583180856
RSW,ORD,RSW-ORD,288,38,250,0.13194444444444445,48.682258256439106,289.3177417435609,0.14403034987112162,0.10870990775764439,0.1833379470736668
ATL,HSV,ATL-HSV,170,21,149,0.12352941176470589,31.682258256439106,188.3177417435609,0.14401026480199594,0.1009021778300209,0.19324194210262147
BHM,ATL,BHM-ATL,212,27,185,0.12735849056603774,37.682258256439106,224.3177417435609,0.14382541319251568,0.10408035442059481,0.18871603746059984
GSP,ORD,GSP-ORD,87,9,78,0.10344827586206896,19.682258256439106,117.3177417435609,0.14366611866013945,0.09030645996758196,0.206861521647294
GJT,DFW,GJT-DFW,60,5,55,0.08333333333333333,15.682258256439104,94.3177417435609,0.1425659841494464,0.08400264168998872,0.21341057586618195
ATL,GRR,ATL-GRR,110,12,98,0.10909090909090909,22.682258256439106,137.3177417435609,0.14176411410274442,0.09231356523460178,0.19968351318335054
GNV,ATL,GNV-ATL,89,9,80,0.10112359550561797,19.682258256439106,119.3177417435609,0.14159898026215184,0.0889628814165861,0.20398529570619484
IND,ORD,IND-ORD,344,45,299,0.1308139534883721,55.682258256439106,338.3177417435609,0.1413255285696424,0.10874579855375535,0.17735198091926074
PHX,STL,PHX-STL,182,22,160,0.12087912087912088,32.682258256439106,199.3177417435609,0.1408718028294789,0.09924338927091547,0.18835833736485696
SJC,DEN,SJC-DEN,239,30,209,0.12552301255230125,40.682258256439106,248.3177417435609,0.14076905971086195,0.10317491443421414,0.18306832356042213
MLB,ATL,MLB-ATL,97,10,87,0.10309278350515463,20.682258256439106,126.3177417435609,0.14069563439754493,0.08952044219911315,0.20111445827940955
TUS,DFW,TUS-DFW,204,25,179,0.12254901960784313,35.682258256439106,218.3177417435609,0.14048133171826419,0.10060827308921534,0.18571143827893977
LGB,DEN,LGB-DEN,69,6,63,0.08695652173913043,16.682258256439106,102.3177417435609,0.1401870441717572,0.08408821155207043,0.207715234698009
LAS,ATL,LAS-ATL,391,51,340,0.13043478260869565,61.682258256439106,379.3177417435609,0.13986906634113175,0.1091226314631745,0.1737075690290486
ABQ,ATL,ABQ-ATL,70,6,64,0.08571428571428572,16.682258256439106,103.3177417435609,0.1390188188036592,0.08336207991761758,0.20604628146964798
DFW,ECP,DFW-ECP,56,4,52,0.07142857142857142,14.682258256439104,91.3177417435609,0.13851187034376514,0.0798661812500771,0.2100436787029305
LIT,STL,LIT-STL,56,4,52,0.07142857142857142,14.682258256439104,91.3177417435609,0.13851187034376514,0.0798661812500771,0.2100436787029305
STL,LIT,STL-LIT,56,4,52,0.07142857142857142,14.682258256439104,91.3177417435609,0.13851187034376514,0.0798661812500771,0.2100436787029305
GSP,ATL,GSP-ATL,215,26,189,0.12093023255813953,36.682258256439106,228.3177417435609,0.13842361606203435,0.09959745266462378,0.1824139258190962
DFW,FSM,DFW-FSM,85,8,77,0.09411764705882353,18.682258256439106,116.3177417435609,0.13838709819584522,0.08567074397707478,0.20123102132790716
TUS,DEN,TUS-DEN,253,31,222,0.1225296442687747,41.682258256439106,261.3177417435609,0.13756520876712577,0.10118594864227061,0.17847222802834184
PVD,ORD,PVD-ORD,64,5,59,0.078125,15.682258256439104,98.3177417435609,0.13756366891613248,0.08094614764172088,0.2061964604534785
STL,SLC,STL-SLC,64,5,59,0.078125,15.682258256439104,98.3177417435609,0.13756366891613248,0.08094614764172088,0.2061964604534785
LAX,DEN,LAX-DEN,632,83,549,0.13132911392405064,93.6822582564391,588.3177417435609,0.137364015038767,0.11257760095487375,0.16416414616054098
TRI,DFW,TRI-DFW,28,0,28,0,10.682258256439104,67.3177417435609,0.13695202892870645,0.07050035392338655,0.22097116976712683
STL,MCI,STL-MCI,66,5,61,0.07575757575757576,15.682258256439104,100.3177417435609,0.13519188152102676,0.07949988688389552,0.2027688330180739
SEA,DEN,SEA-DEN,445,56,389,0.1258426966292135,66.6822582564391,428.3177417435609,0.13471163284129112,0.10609959465713567,0.16611794426881776
DAB,ATL,DAB-ATL,111,11,100,0.0990990990990991,21.682258256439106,139.3177417435609,0.13467241153067766,0.08659382962592722,0.1913324961850077
DAL,DEN,DAL-DEN,245,29,216,0.11836734693877551,39.682258256439106,255.3177417435609,0.13451612968284443,0.09807089280323819,0.1756507322974321
STL,ATL,STL-ATL,246,29,217,0.11788617886178862,39.682258256439106,256.3177417435609,0.13406168329878076,0.09773211124672958,0.17507057659148795
MCI,STL,MCI-STL,67,5,62,0.07462686567164178,15.682258256439104,101.3177417435609,0.13403639535418038,0.07879598052492105,0.20109730180927177
SRQ,STL,SRQ-STL,30,0,30,0,10.682258256439104,69.3177417435609,0.1335282282054888,0.06866122141886392,0.2156837651540482
SBP,DEN,SBP-DEN,61,4,57,0.06557377049180328,14.682258256439104,96.3177417435609,0.1322725969048568,0.07613672486610779,0.20092527039586883
DCA,ORD,DCA-ORD,523,65,458,0.124282982791587,75.6822582564391,497.3177417435609,0.1320807299414295,0.10562838529755642,0.16096450384816663
FAT,DEN,FAT-DEN,122,12,110,0.09836065573770492,22.682258256439106,149.3177417435609,0.13187359451418085,0.08568395289928735,0.18615788938022848
LAX,ORD,LAX-ORD,519,64,455,0.1233140655105973,74.6822582564391,494.3177417435609,0.13125177197968207,0.10478827029145008,0.16016928893336446
AUS,ATL,AUS-ATL,306,36,270,0.11764705882352941,46.682258256439106,309.3177417435609,0.13112993892258176,0.09813877524661713,0.1680434585752546
ORD,PHX,ORD-PHX,444,54,390,0.12162162162162163,64.6822582564391,429.3177417435609,0.13093574545837874,0.10267127281956825,0.16202899932288894
TPA,STL,TPA-STL,94,8,86,0.0851063829787234,18.682258256439106,125.3177417435609,0.1297379045586049,0.0801460194790396,0.1890504019172693
PNS,ATL,PNS-ATL,141,14,127,0.09929078014184398,24.682258256439106,166.3177417435609,0.1292264830180058,0.08560671870474422,0.18018897581447735
HSV,ATL,HSV-ATL,168,17,151,0.10119047619047619,27.682258256439106,190.3177417435609,0.1269828360387115,0.08625326494556845,0.17418569096312175
PHX,ORD,PHX-ORD,447,52,395,0.116331096196868,62.682258256439106,434.3177417435609,0.12612124397673866,0.09842604653265077,0.15666471772133028
MSN,ATL,MSN-ATL,75,5,70,0.06666666666666667,15.682258256439104,109.3177417435609,0.12545806605151283,0.07358407950096198,0.18865389726352555
SLC,ATL,SLC-ATL,243,26,217,0.10699588477366255,36.682258256439106,256.3177417435609,0.12519542067044062,0.08987192065581716,0.16536001080470608
SGU,DEN,SGU-DEN,84,6,78,0.07142857142857142,16.682258256439106,117.3177417435609,0.12449446460029183,0.07437179651007197,0.18520737611167148
TUS,ORD,TUS-ORD,112,9,103,0.08035714285714286,19.682258256439106,142.3177417435609,0.12149542133604387,0.07596695657825996,0.17585690309095192
GPT,ATL,GPT-ATL,80,5,75,0.0625,15.682258256439104,114.3177417435609,0.12063275581876233,0.07066308070945956,0.18162825506629177
PSP,DEN,PSP-DEN,198,19,179,0.09595959595959595,29.682258256439106,218.3177417435609,0.11968652522757704,0.08238212844529076,0.1627926848787623
BOI,ORD,BOI-ORD,52,1,51,0.019230769230769232,11.682258256439104,90.3177417435609,0.11453194369057945,0.060592299546097544,0.1827337817691439
FSD,ORD,FSD-ORD,105,7,98,0.06666666666666667,17.682258256439106,137.3177417435609,0.11407908552541358,0.06912865355474372,0.16843896233860667
OKC,STL,OKC-STL,55,1,54,0.01818181818181818,11.682258256439104,93.3177417435609,0.11125960244227717,0.05880199770400411,0.17768858860439285
OMA,STL,OMA-STL,56,1,55,0.017857142857142856,11.682258256439104,94.3177417435609,0.1102099835513123,0.05822852405868633,0.1760680870888982
GEG,DEN,GEG-DEN,149,10,139,0.06711409395973154,20.682258256439106,178.3177417435609,0.10393094601225682,0.06556774065482471,0.1498177747763585
DAL,ORD,DAL-ORD,68,1,67,0.014705882352941176,11.682258256439104,106.3177417435609,0.09900218861389071,0.05212826368108823,0.1586970217816518
